terminal,scheduledTime,airlineName,iataCode,flightNumber,iataNumber,scheduledDay
4s,04:10:00.000,american airlines,aa,8800,aa8800,2022-07-01
4s,04:10:00.000,qatar airways,qr,6560,qr6560,2022-07-01
4s,04:10:00.000,british airways,ba,7107,ba7107,2022-07-01
4s,04:10:00.000,vueling,vy,5272,vy5272,2022-07-01
4s,04:10:00.000,iberia,ib,3329,ib3329,2022-07-01
No se ha encontrado la terminal de llegada.,04:45:00.000,swiftair,wt,119,wt119,2022-07-01
2,04:50:00.000,air europa,ux,1116,ux1116,2022-07-01
2,04:50:00.000,air europa,ux,1424,ux1424,2022-07-01
1,05:00:00.000,air europa,ux,40,ux40,2022-07-01
1,05:00:00.000,etihad airways,ey,4399,ey4399,2022-07-01
1,05:00:00.000,air europa,ux,58,ux58,2022-07-01
1,05:10:00.000,aerolineas argentinas,ar,7358,ar7358,2022-07-01
1,05:10:00.000,etihad airways,ey,4396,ey4396,2022-07-01
1,05:10:00.000,air europa,ux,42,ux42,2022-07-01
1,05:10:00.000,air europa,ux,46,ux46,2022-07-01
1,05:10:00.000,etihad airways,ey,4386,ey4386,2022-07-01
1,05:10:00.000,air europa,ux,176,ux176,2022-07-01
2,05:10:00.000,air europa,ux,26,ux26,2022-07-01
4,05:15:00.000,taag,dt,680,dt680,2022-07-01
4s,05:45:00.000,british airways,ba,4246,ba4246,2022-07-01
4s,05:45:00.000,el al,ly,9200,ly9200,2022-07-01
4s,05:45:00.000,latam airlines,la,7107,la7107,2022-07-01
4s,05:45:00.000,cathay pacific,cx,1921,cx1921,2022-07-01
4s,05:45:00.000,qatar airways,qr,5087,qr5087,2022-07-01
4s,05:45:00.000,jal,jl,6993,jl6993,2022-07-01
4s,05:45:00.000,iberia,ib,6824,ib6824,2022-07-01
No se ha encontrado la terminal de llegada.,05:45:00.000,swiftair,wt,117,wt117,2022-07-01
4s,06:00:00.000,latam airlines,la,5410,la5410,2022-07-01
4s,06:00:00.000,british airways,ba,4250,ba4250,2022-07-01
4s,06:00:00.000,el al,ly,9210,ly9210,2022-07-01
4s,06:00:00.000,cathay pacific,cx,1924,cx1924,2022-07-01
4s,06:00:00.000,qatar airways,qr,5355,qr5355,2022-07-01
4s,06:00:00.000,jal,jl,6995,jl6995,2022-07-01
4s,06:00:00.000,iberia,ib,6830,ib6830,2022-07-01
4s,06:00:00.000,british airways,ba,4274,ba4274,2022-07-01
4s,06:00:00.000,finnair,ay,5551,ay5551,2022-07-01
4s,06:00:00.000,qatar airways,qr,5067,qr5067,2022-07-01
4s,06:00:00.000,el al,ly,9230,ly9230,2022-07-01
4s,06:00:00.000,iberia,ib,6400,ib6400,2022-07-01
4s,06:05:00.000,british airways,ba,4212,ba4212,2022-07-01
4s,06:05:00.000,qatar airways,qr,5059,qr5059,2022-07-01
4s,06:05:00.000,jal,jl,6991,jl6991,2022-07-01
4s,06:05:00.000,iberia,ib,6012,ib6012,2022-07-01
4s,06:05:00.000,british airways,ba,4252,ba4252,2022-07-01
4s,06:05:00.000,qatar airways,qr,6919,qr6919,2022-07-01
4s,06:05:00.000,jal,jl,6997,jl6997,2022-07-01
4s,06:05:00.000,iberia,ib,6856,ib6856,2022-07-01
4,06:10:00.000,sa avianca,av,6013,av6013,2022-07-01
4,06:10:00.000,binter canarias,nt,7839,nt7839,2022-07-01
4,06:10:00.000,vueling,vy,5415,vy5415,2022-07-01
4,06:10:00.000,iberia express,i2,3839,i23839,2022-07-01
4s,06:20:00.000,finnair,ay,5658,ay5658,2022-07-01
4s,06:20:00.000,british airways,ba,4278,ba4278,2022-07-01
4s,06:20:00.000,qatar airways,qr,7233,qr7233,2022-07-01
4s,06:20:00.000,american airlines,aa,8730,aa8730,2022-07-01
4s,06:20:00.000,iberia,ib,6132,ib6132,2022-07-01
4s,06:20:00.000,american airlines,aa,8535,aa8535,2022-07-01
4s,06:20:00.000,british airways,ba,4264,ba4264,2022-07-01
4s,06:20:00.000,finnair,ay,5648,ay5648,2022-07-01
4s,06:20:00.000,qatar airways,qr,6887,qr6887,2022-07-01
4s,06:20:00.000,iberia,ib,6166,ib6166,2022-07-01
4s,06:25:00.000,british airways,ba,4270,ba4270,2022-07-01
4s,06:25:00.000,finnair,ay,5654,ay5654,2022-07-01
4s,06:25:00.000,qatar airways,qr,6902,qr6902,2022-07-01
4s,06:25:00.000,american airlines,aa,8566,aa8566,2022-07-01
4s,06:25:00.000,iberia,ib,6250,ib6250,2022-07-01
4,06:30:00.000,american airlines,aa,8618,aa8618,2022-07-01
4,06:30:00.000,sa avianca,av,6037,av6037,2022-07-01
4,06:30:00.000,qatar airways,qr,6927,qr6927,2022-07-01
4,06:30:00.000,iberia express,i2,3909,i23909,2022-07-01
4s,06:35:00.000,british airways,ba,4294,ba4294,2022-07-01
4s,06:35:00.000,el al,ly,9214,ly9214,2022-07-01
4s,06:35:00.000,qatar airways,qr,5055,qr5055,2022-07-01
4s,06:35:00.000,iberia,ib,6500,ib6500,2022-07-01
4,06:40:00.000,finnair,ay,4267,ay4267,2022-07-01
4,06:40:00.000,british airways,ba,1611,ba1611,2022-07-01
4,06:40:00.000,iberia,ib,4978,ib4978,2022-07-01
4,06:40:00.000,el al,ly,8056,ly8056,2022-07-01
4,06:40:00.000,american airlines,aa,748,aa748,2022-07-01
4s,07:45:00.000,air china ltd,ca,5302,ca5302,2022-07-01
4s,07:45:00.000,etihad airways,ey,2602,ey2602,2022-07-01
4s,07:45:00.000,turkish airlines,tk,8474,tk8474,2022-07-01
4s,07:45:00.000,sa avianca,av,26,av26,2022-07-01
4s,07:45:00.000,american airlines,aa,8740,aa8740,2022-07-01
4s,07:45:00.000,british airways,ba,4262,ba4262,2022-07-01
4s,07:45:00.000,finnair,ay,5646,ay5646,2022-07-01
4s,07:45:00.000,qatar airways,qr,6866,qr6866,2022-07-01
4s,07:45:00.000,iberia,ib,6124,ib6124,2022-07-01
4s,07:50:00.000,american airlines,aa,8754,aa8754,2022-07-01
4s,07:50:00.000,british airways,ba,4272,ba4272,2022-07-01
4s,07:50:00.000,finnair,ay,5660,ay5660,2022-07-01
4s,07:50:00.000,qatar airways,qr,6906,qr6906,2022-07-01
4s,07:50:00.000,iberia,ib,6274,ib6274,2022-07-01
1,07:50:00.000,lauda europe,lw,2052,lw2052,2022-07-01
4s,07:50:00.000,american airlines,aa,8874,aa8874,2022-07-01
4s,07:50:00.000,finnair,ay,5602,ay5602,2022-07-01
4s,07:50:00.000,british airways,ba,7203,ba7203,2022-07-01
4s,07:50:00.000,latam airlines,la,7029,la7029,2022-07-01
4s,07:50:00.000,qatar airways,qr,6986,qr6986,2022-07-01
4s,07:50:00.000,sa avianca,av,6119,av6119,2022-07-01
4s,07:50:00.000,cathay pacific,cx,1903,cx1903,2022-07-01
4s,07:50:00.000,vueling,vy,5051,vy5051,2022-07-01
4s,07:50:00.000,american airlines,aa,8739,aa8739,2022-07-01
4s,07:50:00.000,iberia,ib,537,ib537,2022-07-01
4,07:50:00.000,vueling,vy,5302,vy5302,2022-07-01
4,07:50:00.000,iberia express,i2,3661,i23661,2022-07-01
4,07:50:00.000,american airlines,aa,8760,aa8760,2022-07-01
4,07:50:00.000,royal air maroc,at,9957,at9957,2022-07-01
4,07:50:00.000,sa avianca,av,6023,av6023,2022-07-01
4,07:50:00.000,british airways,ba,7156,ba7156,2022-07-01
4,07:50:00.000,cathay pacific,cx,1844,cx1844,2022-07-01
4,07:50:00.000,latam airlines,la,7028,la7028,2022-07-01
4,07:50:00.000,qatar airways,qr,5344,qr5344,2022-07-01
4,07:50:00.000,iberia express,i2,3917,i23917,2022-07-01
4,07:55:00.000,finnair,ay,5616,ay5616,2022-07-01
4,07:55:00.000,british airways,ba,7239,ba7239,2022-07-01
4,07:55:00.000,american airlines,aa,8525,aa8525,2022-07-01
4,07:55:00.000,latam airlines,la,5420,la5420,2022-07-01
4,07:55:00.000,qatar airways,qr,6981,qr6981,2022-07-01
4,07:55:00.000,cathay pacific,cx,1838,cx1838,2022-07-01
4,07:55:00.000,sa avianca,av,6009,av6009,2022-07-01
4,07:55:00.000,vueling,vy,5011,vy5011,2022-07-01
4,07:55:00.000,iberia,ib,443,ib443,2022-07-01
4s,07:55:00.000,srilankan airlines,ul,3598,ul3598,2022-07-01
4s,07:55:00.000,iberia,ib,7900,ib7900,2022-07-01
4s,07:55:00.000,oman air,wy,6305,wy6305,2022-07-01
4s,07:55:00.000,malaysia airlines,mh,9247,mh9247,2022-07-01
4s,07:55:00.000,qatar airways,qr,147,qr147,2022-07-01
1,08:00:00.000,air europa,ux,2486,ux2486,2022-07-01
1,08:00:00.000,aeromexico,am,36,am36,2022-07-01
4,08:00:00.000,plus ultra,pu,702,pu702,2022-07-01
1,08:00:00.000,ryanair,fr,5316,fr5316,2022-07-01
4,08:25:00.000,finnair,ay,5687,ay5687,2022-07-01
4,08:25:00.000,british airways,ba,1605,ba1605,2022-07-01
4,08:25:00.000,iberia,ib,4674,ib4674,2022-07-01
4,08:25:00.000,el al,ly,8140,ly8140,2022-07-01
4,08:25:00.000,american airlines,aa,740,aa740,2022-07-01
1,08:25:00.000,malta air,,5494,,2022-07-01
4s,08:25:00.000,vueling,vy,5008,vy5008,2022-07-01
4s,08:25:00.000,finnair,ay,5572,ay5572,2022-07-01
4s,08:25:00.000,cathay pacific,cx,1828,cx1828,2022-07-01
4s,08:25:00.000,qatar airways,qr,5085,qr5085,2022-07-01
4s,08:25:00.000,sa avianca,av,6005,av6005,2022-07-01
4s,08:25:00.000,american airlines,aa,8540,aa8540,2022-07-01
4s,08:25:00.000,iberia,ib,3003,ib3003,2022-07-01
4,08:25:00.000,qatar airways,qr,6938,qr6938,2022-07-01
4,08:25:00.000,finnair,ay,5580,ay5580,2022-07-01
4,08:25:00.000,vueling,vy,5005,vy5005,2022-07-01
4,08:25:00.000,iberia,ib,8221,ib8221,2022-07-01
4,08:35:00.000,american airlines,aa,8749,aa8749,2022-07-01
4,08:35:00.000,vueling,vy,5535,vy5535,2022-07-01
4,08:35:00.000,qatar airways,qr,6990,qr6990,2022-07-01
4,08:35:00.000,iberia,ib,8733,ib8733,2022-07-01
4,08:35:00.000,cathay pacific,cx,1887,cx1887,2022-07-01
4,08:35:00.000,american airlines,aa,8544,aa8544,2022-07-01
4,08:35:00.000,vueling,vy,5549,vy5549,2022-07-01
4,08:35:00.000,qatar airways,qr,6980,qr6980,2022-07-01
4,08:35:00.000,american airlines,aa,8744,aa8744,2022-07-01
4,08:35:00.000,iberia,ib,8753,ib8753,2022-07-01
4,08:40:00.000,finnair,ay,4006,ay4006,2022-07-01
4,08:40:00.000,british airways,ba,1558,ba1558,2022-07-01
4,08:40:00.000,iberia,ib,4610,ib4610,2022-07-01
4,08:40:00.000,el al,ly,8039,ly8039,2022-07-01
4,08:40:00.000,royal jordanian,rj,7033,rj7033,2022-07-01
4,08:40:00.000,american airlines,aa,68,aa68,2022-07-01
1,08:40:00.000,ryanair,fr,5483,fr5483,2022-07-01
1,08:45:00.000,air france,af,3585,af3585,2022-07-01
1,08:45:00.000,aeromexico,am,3116,am3116,2022-07-01
1,08:45:00.000,klm,kl,6028,kl6028,2022-07-01
1,08:45:00.000,virgin atlantic,vs,3884,vs3884,2022-07-01
1,08:45:00.000,delta air lines,dl,108,dl108,2022-07-01
4s,09:00:00.000,sa avianca,av,2415,av2415,2022-07-01
4s,09:00:00.000,gulf air,gf,5115,gf5115,2022-07-01
4s,09:00:00.000,malaysia airlines,mh,5235,mh5235,2022-07-01
4s,09:00:00.000,pakistan international airlines,pk,4075,pk4075,2022-07-01
4s,09:00:00.000,srilankan airlines,ul,2475,ul2475,2022-07-01
4s,09:00:00.000,air europa,ux,2702,ux2702,2022-07-01
4s,09:00:00.000,flynas,xy,3075,xy3075,2022-07-01
4s,09:00:00.000,etihad airways,ey,75,ey75,2022-07-01
1,09:00:00.000,air canada,ac,5854,ac5854,2022-07-01
1,09:00:00.000,lufthansa,lh,7970,lh7970,2022-07-01
1,09:00:00.000,swiss,lx,3073,lx3073,2022-07-01
1,09:00:00.000,brussels airlines,sn,9027,sn9027,2022-07-01
1,09:00:00.000,united airlines,ua,51,ua51,2022-07-01
4,09:00:00.000,american airlines,aa,8587,aa8587,2022-07-01
4,09:00:00.000,finnair,ay,5564,ay5564,2022-07-01
4,09:00:00.000,latam airlines,la,1533,la1533,2022-07-01
4,09:00:00.000,cathay pacific,cx,1843,cx1843,2022-07-01
4,09:00:00.000,qatar airways,qr,6933,qr6933,2022-07-01
4,09:00:00.000,vueling,vy,5214,vy5214,2022-07-01
4,09:00:00.000,jal,jl,6956,jl6956,2022-07-01
4,09:00:00.000,iberia,ib,3107,ib3107,2022-07-01
4,09:05:00.000,finnair,ay,4002,ay4002,2022-07-01
4,09:05:00.000,british airways,ba,1512,ba1512,2022-07-01
4,09:05:00.000,iberia,ib,4607,ib4607,2022-07-01
4,09:05:00.000,el al,ly,8037,ly8037,2022-07-01
4,09:05:00.000,royal jordanian,rj,7021,rj7021,2022-07-01
4,09:05:00.000,american airlines,aa,36,aa36,2022-07-01
4s,09:10:00.000,american airlines,aa,8552,aa8552,2022-07-01
4s,09:10:00.000,jal,jl,6948,jl6948,2022-07-01
4s,09:10:00.000,latam airlines,la,7042,la7042,2022-07-01
4s,09:10:00.000,vueling,vy,5107,vy5107,2022-07-01
4s,09:10:00.000,qatar airways,qr,6893,qr6893,2022-07-01
4s,09:10:00.000,iberia,ib,3239,ib3239,2022-07-01
4,09:10:00.000,vueling,vy,5161,vy5161,2022-07-01
4,09:10:00.000,qatar airways,qr,7238,qr7238,2022-07-01
4,09:10:00.000,american airlines,aa,8646,aa8646,2022-07-01
4,09:10:00.000,iberia,ib,3249,ib3249,2022-07-01
1,09:15:00.000,air france,af,3679,af3679,2022-07-01
1,09:15:00.000,klm,kl,6126,kl6126,2022-07-01
1,09:15:00.000,air europa,ux,3392,ux3392,2022-07-01
1,09:15:00.000,virgin atlantic,vs,3889,vs3889,2022-07-01
1,09:15:00.000,delta air lines,dl,126,dl126,2022-07-01
2,09:15:00.000,delta air lines,dl,8463,dl8463,2022-07-01
2,09:15:00.000,air mauritius,mk,9562,mk9562,2022-07-01
2,09:15:00.000,china eastern airlines,mu,1711,mu1711,2022-07-01
2,09:15:00.000,air austral,uu,8000,uu8000,2022-07-01
2,09:15:00.000,air europa,ux,2233,ux2233,2022-07-01
2,09:15:00.000,air france,af,1000,af1000,2022-07-01
4,09:15:00.000,american airlines,aa,8828,aa8828,2022-07-01
4,09:15:00.000,jal,jl,6952,jl6952,2022-07-01
4,09:15:00.000,vueling,vy,5153,vy5153,2022-07-01
4,09:15:00.000,iberia,ib,3489,ib3489,2022-07-01
1,09:20:00.000,air arabia,g9,391,g9391,2022-07-01
4,09:20:00.000,american airlines,aa,8697,aa8697,2022-07-01
4,09:20:00.000,vueling,vy,5232,vy5232,2022-07-01
4,09:20:00.000,jal,jl,6944,jl6944,2022-07-01
4,09:20:00.000,iberia,ib,3207,ib3207,2022-07-01
1,09:20:00.000,easyjet,u2,7611,u27611,2022-07-01
4,09:20:00.000,american airlines,aa,8554,aa8554,2022-07-01
4,09:20:00.000,vueling,vy,5521,vy5521,2022-07-01
4,09:20:00.000,iberia,ib,8713,ib8713,2022-07-01
1,09:25:00.000,ryanair,fr,2947,fr2947,2022-07-01
4,09:25:00.000,vueling,vy,5012,vy5012,2022-07-01
4,09:25:00.000,american airlines,aa,8513,aa8513,2022-07-01
4,09:25:00.000,qatar airways,qr,5086,qr5086,2022-07-01
4,09:25:00.000,iberia,ib,3005,ib3005,2022-07-01
2,09:25:00.000,air france,af,4848,af4848,2022-07-01
2,09:25:00.000,aeromexico,am,6833,am6833,2022-07-01
2,09:25:00.000,alitalia,az,2441,az2441,2022-07-01
2,09:25:00.000,delta air lines,dl,6740,dl6740,2022-07-01
2,09:25:00.000,etihad airways,ey,4322,ey4322,2022-07-01
2,09:25:00.000,klm,kl,3342,kl3342,2022-07-01
2,09:25:00.000,tarom,ro,9414,ro9414,2022-07-01
2,09:25:00.000,turkish airlines,tk,9389,tk9389,2022-07-01
2,09:25:00.000,air europa,ux,6012,ux6012,2022-07-01
4,09:25:00.000,american airlines,aa,8531,aa8531,2022-07-01
4,09:25:00.000,vueling,vy,5555,vy5555,2022-07-01
4,09:25:00.000,qatar airways,qr,6597,qr6597,2022-07-01
4,09:25:00.000,iberia,ib,8763,ib8763,2022-07-01
1,09:35:00.000,ryanair,fr,3012,fr3012,2022-07-01
2,09:35:00.000,aerolineas argentinas,ar,7815,ar7815,2022-07-01
2,09:35:00.000,delta air lines,dl,9605,dl9605,2022-07-01
2,09:35:00.000,etihad airways,ey,7375,ey7375,2022-07-01
2,09:35:00.000,kenya airways,kq,1699,kq1699,2022-07-01
2,09:35:00.000,xiamen airlines,mf,9357,mf9357,2022-07-01
2,09:35:00.000,china eastern airlines,mu,1845,mu1845,2022-07-01
2,09:35:00.000,air europa,ux,3766,ux3766,2022-07-01
2,09:35:00.000,klm,kl,1699,kl1699,2022-07-01
4s,09:35:00.000,american airlines,aa,8391,aa8391,2022-07-01
4s,09:35:00.000,aeromexico,am,7879,am7879,2022-07-01
4s,09:35:00.000,aerolineas argentinas,ar,7871,ar7871,2022-07-01
4s,09:35:00.000,iberia,ib,2394,ib2394,2022-07-01
4s,09:35:00.000,el al,ly,395,ly395,2022-07-01
1,09:35:00.000,wizz air,w6,4401,w64401,2022-07-01
4,09:40:00.000,latam airlines,la,5417,la5417,2022-07-01
4,09:40:00.000,american airlines,aa,8755,aa8755,2022-07-01
4,09:40:00.000,vueling,vy,5135,vy5135,2022-07-01
4,09:40:00.000,sa avianca,av,6063,av6063,2022-07-01
4,09:40:00.000,iberia,ib,3417,ib3417,2022-07-01
4,09:40:00.000,vueling,vy,5364,vy5364,2022-07-01
4,09:40:00.000,iberia express,i2,3743,i23743,2022-07-01
4s,09:45:00.000,american airlines,aa,6800,aa6800,2022-07-01
4s,09:45:00.000,iberia,ib,7458,ib7458,2022-07-01
4s,09:45:00.000,british airways,ba,456,ba456,2022-07-01
1,09:45:00.000,ryanair sun,rr,1063,rr1063,2022-07-01
1,09:45:00.000,ryanair,fr,2965,fr2965,2022-07-01
1,09:45:00.000,easyjet,u2,7103,u27103,2022-07-01
2,09:45:00.000,aeromexico,am,6992,am6992,2022-07-01
2,09:45:00.000,air europa,ux,5042,ux5042,2022-07-01
1,09:50:00.000,ryanair,fr,5355,fr5355,2022-07-01
2,09:50:00.000,delta air lines,dl,6776,dl6776,2022-07-01
2,09:50:00.000,tarom,ro,9454,ro9454,2022-07-01
2,09:50:00.000,air europa,ux,1144,ux1144,2022-07-01
2,09:50:00.000,air france,af,4825,af4825,2022-07-01
2,09:50:00.000,aeromexico,am,6835,am6835,2022-07-01
2,09:50:00.000,etihad airways,ey,5150,ey5150,2022-07-01
2,09:50:00.000,klm,kl,3362,kl3362,2022-07-01
2,09:50:00.000,tarom,ro,9420,ro9420,2022-07-01
2,09:50:00.000,air europa,ux,7311,ux7311,2022-07-01
4,09:50:00.000,iberia,ib,5000,ib5000,2022-07-01
4,09:50:00.000,qatar airways,qr,3607,qr3607,2022-07-01
4,09:50:00.000,vueling,vy,1002,vy1002,2022-07-01
2,09:50:00.000,aeromexico,am,6917,am6917,2022-07-01
2,09:50:00.000,tarom,ro,9446,ro9446,2022-07-01
2,09:50:00.000,air europa,ux,1152,ux1152,2022-07-01
1,09:55:00.000,ryanair,fr,7256,fr7256,2022-07-01
4s,09:55:00.000,el al,ly,8397,ly8397,2022-07-01
4s,09:55:00.000,american airlines,aa,8789,aa8789,2022-07-01
4s,09:55:00.000,vueling,vy,5270,vy5270,2022-07-01
4s,09:55:00.000,iberia,ib,3317,ib3317,2022-07-01
4,09:55:00.000,vueling,vy,5257,vy5257,2022-07-01
4,09:55:00.000,jal,jl,6966,jl6966,2022-07-01
4,09:55:00.000,american airlines,aa,8758,aa8758,2022-07-01
4,09:55:00.000,iberia,ib,3475,ib3475,2022-07-01
1,10:00:00.000,flexflight,w2,9322,w29322,2022-07-01
1,10:00:00.000,blue air,0b,103,0b103,2022-07-01
4s,10:00:00.000,iberia,ib,1458,ib1458,2022-07-01
4s,10:00:00.000,aer lingus,ei,592,ei592,2022-07-01
4,10:00:00.000,jal,jl,6968,jl6968,2022-07-01
4,10:00:00.000,vueling,vy,5820,vy5820,2022-07-01
4,10:00:00.000,iberia express,i2,3721,i23721,2022-07-01
1,10:05:00.000,,x1,4286,x14286,2022-07-01
1,10:05:00.000,world2fly,2w,3504,2w3504,2022-07-01
4s,10:10:00.000,british airways,ba,4232,ba4232,2022-07-01
4s,10:10:00.000,latam airlines,la,7111,la7111,2022-07-01
4s,10:10:00.000,qatar airways,qr,5051,qr5051,2022-07-01
4s,10:10:00.000,el al,ly,9206,ly9206,2022-07-01
4s,10:10:00.000,iberia,ib,6586,ib6586,2022-07-01
4s,10:10:00.000,british airways,ba,4214,ba4214,2022-07-01
4s,10:10:00.000,qatar airways,qr,6570,qr6570,2022-07-01
4s,10:10:00.000,iberia,ib,6620,ib6620,2022-07-01
4,10:10:00.000,vueling,vy,5283,vy5283,2022-07-01
4,10:10:00.000,american airlines,aa,8523,aa8523,2022-07-01
4,10:10:00.000,iberia,ib,3057,ib3057,2022-07-01
4,10:10:00.000,vueling,vy,5123,vy5123,2022-07-01
4,10:10:00.000,american airlines,aa,8688,aa8688,2022-07-01
4,10:10:00.000,iberia,ib,3125,ib3125,2022-07-01
4,10:10:00.000,iberia,ib,5894,ib5894,2022-07-01
4,10:10:00.000,vueling,vy,1500,vy1500,2022-07-01
4s,10:15:00.000,british airways,ba,4222,ba4222,2022-07-01
4s,10:15:00.000,copa airlines,cm,5880,cm5880,2022-07-01
4s,10:15:00.000,qatar airways,qr,5063,qr5063,2022-07-01
4s,10:15:00.000,el al,ly,9216,ly9216,2022-07-01
4s,10:15:00.000,iberia,ib,6346,ib6346,2022-07-01
4s,10:15:00.000,vueling,vy,5125,vy5125,2022-07-01
4s,10:15:00.000,american airlines,aa,8557,aa8557,2022-07-01
4s,10:15:00.000,iberia,ib,3195,ib3195,2022-07-01
4,10:15:00.000,american airlines,aa,8755,aa8755,2022-07-01
4,10:15:00.000,vueling,vy,5121,vy5121,2022-07-01
4,10:15:00.000,qatar airways,qr,6946,qr6946,2022-07-01
4,10:15:00.000,american airlines,aa,8585,aa8585,2022-07-01
4,10:15:00.000,iberia,ib,3257,ib3257,2022-07-01
4,10:15:00.000,vueling,vy,5127,vy5127,2022-07-01
4,10:15:00.000,iberia,ib,3273,ib3273,2022-07-01
2,10:15:00.000,air canada,ac,2669,ac2669,2022-07-01
2,10:15:00.000,azul,ad,7316,ad7316,2022-07-01
2,10:15:00.000,sa avianca,av,2485,av2485,2022-07-01
2,10:15:00.000,egyptair,ms,9432,ms9432,2022-07-01
2,10:15:00.000,azores airlines,s4,8702,s48702,2022-07-01
2,10:15:00.000,tap air portugal,tp,1016,tp1016,2022-07-01
4s,10:20:00.000,american airlines,aa,8567,aa8567,2022-07-01
4s,10:20:00.000,british airways,ba,4268,ba4268,2022-07-01
4s,10:20:00.000,finnair,ay,5656,ay5656,2022-07-01
4s,10:20:00.000,qatar airways,qr,6904,qr6904,2022-07-01
4s,10:20:00.000,iberia,ib,6252,ib6252,2022-07-01
1,10:25:00.000,evelop airlines,e9,802,e9802,2022-07-01
4s,10:25:00.000,british airways,ba,4248,ba4248,2022-07-01
4s,10:25:00.000,finnair,ay,5650,ay5650,2022-07-01
4s,10:25:00.000,american airlines,aa,8777,aa8777,2022-07-01
4s,10:25:00.000,qatar airways,qr,6908,qr6908,2022-07-01
4s,10:25:00.000,iberia,ib,6300,ib6300,2022-07-01
4s,10:25:00.000,american airlines,aa,8506,aa8506,2022-07-01
4s,10:25:00.000,cathay pacific,cx,1848,cx1848,2022-07-01
4s,10:25:00.000,qatar airways,qr,6856,qr6856,2022-07-01
4s,10:25:00.000,sa avianca,av,6051,av6051,2022-07-01
4s,10:25:00.000,air baltic,bt,5174,bt5174,2022-07-01
4s,10:25:00.000,vueling,vy,5573,vy5573,2022-07-01
4s,10:25:00.000,iberia,ib,8859,ib8859,2022-07-01
4,10:25:00.000,qatar airways,qr,6929,qr6929,2022-07-01
4,10:25:00.000,cathay pacific,cx,1905,cx1905,2022-07-01
4,10:25:00.000,british airways,ba,7219,ba7219,2022-07-01
4,10:25:00.000,american airlines,aa,8743,aa8743,2022-07-01
4,10:25:00.000,vueling,vy,5588,vy5588,2022-07-01
4,10:25:00.000,iberia,ib,8903,ib8903,2022-07-01
4,10:25:00.000,qatar airways,qr,6526,qr6526,2022-07-01
4,10:25:00.000,american airlines,aa,8703,aa8703,2022-07-01
4,10:25:00.000,vueling,vy,5618,vy5618,2022-07-01
4,10:25:00.000,iberia,ib,8971,ib8971,2022-07-01
4,10:25:00.000,qatar airways,qr,5384,qr5384,2022-07-01
4,10:25:00.000,american airlines,aa,8763,aa8763,2022-07-01
4,10:25:00.000,sa avianca,av,6193,av6193,2022-07-01
4,10:25:00.000,vueling,vy,5610,vy5610,2022-07-01
4,10:25:00.000,iberia,ib,8945,ib8945,2022-07-01
4,10:30:00.000,vueling,vy,5025,vy5025,2022-07-01
4,10:30:00.000,american airlines,aa,8858,aa8858,2022-07-01
4,10:30:00.000,jal,jl,9401,jl9401,2022-07-01
4,10:30:00.000,qatar airways,qr,5091,qr5091,2022-07-01
4,10:30:00.000,iberia,ib,3009,ib3009,2022-07-01
4,10:30:00.000,vueling,vy,5112,vy5112,2022-07-01
4,10:30:00.000,american airlines,aa,8671,aa8671,2022-07-01
4,10:30:00.000,iberia,ib,3137,ib3137,2022-07-01
4,10:30:00.000,american airlines,aa,8524,aa8524,2022-07-01
4,10:30:00.000,sa avianca,av,6095,av6095,2022-07-01
4,10:30:00.000,qatar airways,qr,6922,qr6922,2022-07-01
4,10:30:00.000,cathay pacific,cx,1858,cx1858,2022-07-01
4,10:30:00.000,vueling,vy,5581,vy5581,2022-07-01
4,10:30:00.000,american airlines,aa,8718,aa8718,2022-07-01
4,10:30:00.000,iberia,ib,8873,ib8873,2022-07-01
4,10:30:00.000,american airlines,aa,8593,aa8593,2022-07-01
4,10:30:00.000,sa avianca,av,6015,av6015,2022-07-01
4,10:30:00.000,british airways,ba,7143,ba7143,2022-07-01
4,10:30:00.000,cathay pacific,cx,1835,cx1835,2022-07-01
4,10:30:00.000,bulgaria air,fb,1498,fb1498,2022-07-01
4,10:30:00.000,jal,jl,6970,jl6970,2022-07-01
4,10:30:00.000,binter canarias,nt,7835,nt7835,2022-07-01
4,10:30:00.000,qatar airways,qr,6865,qr6865,2022-07-01
4,10:30:00.000,iberia express,i2,3835,i23835,2022-07-01
4,10:30:00.000,american airlines,aa,8503,aa8503,2022-07-01
4,10:30:00.000,sa avianca,av,6059,av6059,2022-07-01
4,10:30:00.000,british airways,ba,7163,ba7163,2022-07-01
4,10:30:00.000,cathay pacific,cx,1879,cx1879,2022-07-01
4,10:30:00.000,latam airlines,la,5405,la5405,2022-07-01
4,10:30:00.000,qatar airways,qr,6869,qr6869,2022-07-01
4,10:30:00.000,vueling,vy,5435,vy5435,2022-07-01
4,10:30:00.000,iberia express,i2,3865,i23865,2022-07-01
1,10:30:00.000,sa avianca,av,6611,av6611,2022-07-01
1,10:30:00.000,uzbekistan airways,hy,7287,hy7287,2022-07-01
1,10:30:00.000,air new zealand,nz,4867,nz4867,2022-07-01
1,10:30:00.000,air europa,ux,3902,ux3902,2022-07-01
1,10:30:00.000,turkish airlines,tk,1857,tk1857,2022-07-01
4,10:35:00.000,latam airlines,la,5412,la5412,2022-07-01
4,10:35:00.000,british airways,ba,7243,ba7243,2022-07-01
4,10:35:00.000,sa avianca,av,6010,av6010,2022-07-01
4,10:35:00.000,american airlines,aa,8526,aa8526,2022-07-01
4,10:35:00.000,jal,jl,6942,jl6942,2022-07-01
4,10:35:00.000,iberia,ib,423,ib423,2022-07-01
4,10:35:00.000,iberia,ib,479,ib479,2022-07-01
4,10:35:00.000,iberia,ib,571,ib571,2022-07-01
4,10:35:00.000,iberia,ib,8291,ib8291,2022-07-01
4,10:35:00.000,iberia,ib,8737,ib8737,2022-07-01
4,10:35:00.000,american airlines,aa,8506,aa8506,2022-07-01
4,10:35:00.000,qatar airways,qr,5380,qr5380,2022-07-01
4,10:35:00.000,iberia express,i2,3815,i23815,2022-07-01
4,10:35:00.000,american airlines,aa,8522,aa8522,2022-07-01
4,10:35:00.000,royal air maroc,at,9983,at9983,2022-07-01
4,10:35:00.000,sa avianca,av,6113,av6113,2022-07-01
4,10:35:00.000,finnair,ay,5586,ay5586,2022-07-01
4,10:35:00.000,british airways,ba,7189,ba7189,2022-07-01
4,10:35:00.000,jal,jl,6974,jl6974,2022-07-01
4,10:35:00.000,latam airlines,la,7032,la7032,2022-07-01
4,10:35:00.000,qatar airways,qr,6913,qr6913,2022-07-01
4,10:35:00.000,iberia express,i2,3947,i23947,2022-07-01
4s,10:40:00.000,iberia,ib,8697,ib8697,2022-07-01
4,10:40:00.000,iberia,ib,8773,ib8773,2022-07-01
4,10:40:00.000,iberia,ib,8857,ib8857,2022-07-01
4,10:40:00.000,iberia express,i2,3809,i23809,2022-07-01
4,10:40:00.000,iberia express,i2,3913,i23913,2022-07-01
4,10:40:00.000,iberia express,i2,3945,i23945,2022-07-01
1,10:45:00.000,ita airways,az,58,az58,2022-07-01
4s,10:50:00.000,iberia,ib,6314,ib6314,2022-07-01
4s,10:50:00.000,british airways,ba,458,ba458,2022-07-01
4,10:50:00.000,iberia,ib,8831,ib8831,2022-07-01
2,10:50:00.000,air europa,ux,9045,ux9045,2022-07-01
2,11:00:00.000,air europa,ux,88,ux88,2022-07-01
4,11:00:00.000,iberia,ib,3011,ib3011,2022-07-01
1,11:00:00.000,air malta,km,586,km586,2022-07-01
1,11:05:00.000,ryanair,fr,5447,fr5447,2022-07-01
2,11:10:00.000,air canada,ac,9596,ac9596,2022-07-01
2,11:10:00.000,sa avianca,av,6507,av6507,2022-07-01
2,11:10:00.000,austrian,os,7447,os7447,2022-07-01
2,11:10:00.000,singapore airlines,sq,2104,sq2104,2022-07-01
2,11:10:00.000,lufthansa,lh,1800,lh1800,2022-07-01
1,11:15:00.000,air europa,ux,3702,ux3702,2022-07-01
1,11:15:00.000,tarom,ro,415,ro415,2022-07-01
4s,11:20:00.000,sa avianca,av,46,av46,2022-07-01
1,11:20:00.000,lufthansa,lh,6591,lh6591,2022-07-01
1,11:20:00.000,brussels airlines,sn,9628,sn9628,2022-07-01
1,11:20:00.000,united airlines,ua,8544,ua8544,2022-07-01
1,11:20:00.000,air canada,ac,824,ac824,2022-07-01
1,11:20:00.000,delta air lines,dl,6744,dl6744,2022-07-01
1,11:20:00.000,air europa,ux,92,ux92,2022-07-01
4s,11:25:00.000,latam airlines,la,5426,la5426,2022-07-01
4s,11:25:00.000,qatar airways,qr,6532,qr6532,2022-07-01
4s,11:25:00.000,iberia,ib,6454,ib6454,2022-07-01
2,11:25:00.000,delta air lines,dl,8374,dl8374,2022-07-01
2,11:25:00.000,gol,g3,5153,g35153,2022-07-01
2,11:25:00.000,kenya airways,kq,3046,kq3046,2022-07-01
2,11:25:00.000,air mauritius,mk,9422,mk9422,2022-07-01
2,11:25:00.000,china eastern airlines,mu,1709,mu1709,2022-07-01
2,11:25:00.000,singapore airlines,sq,1862,sq1862,2022-07-01
2,11:25:00.000,air austral,uu,8300,uu8300,2022-07-01
2,11:25:00.000,air europa,ux,2224,ux2224,2022-07-01
2,11:25:00.000,vietnam airlines,vn,3136,vn3136,2022-07-01
2,11:25:00.000,air france,af,1300,af1300,2022-07-01
4,11:25:00.000,qatar airways,qr,6941,qr6941,2022-07-01
4,11:25:00.000,american airlines,aa,8637,aa8637,2022-07-01
4,11:25:00.000,mel air,5m,8293,5m8293,2022-07-01
4,11:30:00.000,vueling,vy,5038,vy5038,2022-07-01
4,11:30:00.000,american airlines,aa,8516,aa8516,2022-07-01
4,11:30:00.000,jal,jl,9400,jl9400,2022-07-01
4,11:30:00.000,qatar airways,qr,5096,qr5096,2022-07-01
4,11:30:00.000,iberia,ib,3013,ib3013,2022-07-01
4,11:30:00.000,latam airlines,la,7180,la7180,2022-07-01
4,11:30:00.000,qatar airways,qr,6978,qr6978,2022-07-01
4,11:30:00.000,american airlines,aa,8588,aa8588,2022-07-01
4,11:30:00.000,jal,jl,9408,jl9408,2022-07-01
4,11:30:00.000,vueling,vy,5072,vy5072,2022-07-01
4,11:30:00.000,cathay pacific,cx,1850,cx1850,2022-07-01
4,11:30:00.000,iberia,ib,3111,ib3111,2022-07-01
4,11:30:00.000,american airlines,aa,8751,aa8751,2022-07-01
4,11:30:00.000,vueling,vy,5835,vy5835,2022-07-01
4,11:30:00.000,qatar airways,qr,6991,qr6991,2022-07-01
4,11:30:00.000,iberia,ib,8687,ib8687,2022-07-01
No se ha encontrado la terminal de llegada.,11:30:00.000,qatar airways,qr,8842,qr8842,2022-07-01
2,11:35:00.000,air france,af,4792,af4792,2022-07-01
2,11:35:00.000,aeromexico,am,6862,am6862,2022-07-01
2,11:35:00.000,alitalia,az,2416,az2416,2022-07-01
2,11:35:00.000,delta air lines,dl,6737,dl6737,2022-07-01
2,11:35:00.000,klm,kl,3321,kl3321,2022-07-01
2,11:35:00.000,air europa,ux,6020,ux6020,2022-07-01
1,11:45:00.000,aerolineas argentinas,ar,7356,ar7356,2022-07-01
1,11:45:00.000,etihad airways,ey,4381,ey4381,2022-07-01
1,11:45:00.000,air europa,ux,24,ux24,2022-07-01
2,11:45:00.000,tap air portugal,tp,7402,tp7402,2022-07-01
2,11:45:00.000,volotea,v7,5024,v75024,2022-07-01
2,11:45:00.000,aegean airlines,a3,700,a3700,2022-07-01
1,11:45:00.000,ryanair,fr,5994,fr5994,2022-07-01
2,11:50:00.000,air canada,ac,6344,ac6344,2022-07-01
2,11:50:00.000,etihad airways,ey,7261,ey7261,2022-07-01
2,11:50:00.000,hainan airlines,hu,8545,hu8545,2022-07-01
2,11:50:00.000,lufthansa,lh,5660,lh5660,2022-07-01
2,11:50:00.000,united airlines,ua,9975,ua9975,2022-07-01
2,11:50:00.000,brussels airlines,sn,3721,sn3721,2022-07-01
1,11:55:00.000,ryanair,fr,9673,fr9673,2022-07-01
4,11:55:00.000,qatar airways,qr,6588,qr6588,2022-07-01
4,11:55:00.000,iberia express,i2,3923,i23923,2022-07-01
4,12:00:00.000,vueling,vy,5260,vy5260,2022-07-01
4,12:00:00.000,american airlines,aa,8776,aa8776,2022-07-01
4,12:00:00.000,iberia,ib,3485,ib3485,2022-07-01
2,12:00:00.000,air france,af,4797,af4797,2022-07-01
2,12:00:00.000,aeromexico,am,6811,am6811,2022-07-01
2,12:00:00.000,etihad airways,ey,4378,ey4378,2022-07-01
2,12:00:00.000,klm,kl,3346,kl3346,2022-07-01
2,12:00:00.000,middle east airlines,me,2030,me2030,2022-07-01
2,12:00:00.000,air europa,ux,6030,ux6030,2022-07-01
2,12:00:00.000,volotea,v7,2272,v72272,2022-07-01
1,12:05:00.000,delta air lines,dl,6774,dl6774,2022-07-01
1,12:05:00.000,saudia,sv,6972,sv6972,2022-07-01
1,12:05:00.000,air europa,ux,98,ux98,2022-07-01
2,12:05:00.000,air canada,ac,9180,ac9180,2022-07-01
2,12:05:00.000,sa avianca,av,6513,av6513,2022-07-01
2,12:05:00.000,ethiopian airlines,et,1569,et1569,2022-07-01
2,12:05:00.000,austrian,os,7455,os7455,2022-07-01
2,12:05:00.000,singapore airlines,sq,2062,sq2062,2022-07-01
2,12:05:00.000,united airlines,ua,9358,ua9358,2022-07-01
2,12:05:00.000,oman air,wy,5512,wy5512,2022-07-01
2,12:05:00.000,lufthansa,lh,1112,lh1112,2022-07-01
2,12:05:00.000,aeromexico,am,6938,am6938,2022-07-01
2,12:05:00.000,delta air lines,dl,6781,dl6781,2022-07-01
2,12:05:00.000,air europa,ux,1028,ux1028,2022-07-01
2,12:05:00.000,china airlines,ci,9383,ci9383,2022-07-01
2,12:05:00.000,china southern airlines,cz,7666,cz7666,2022-07-01
2,12:05:00.000,delta air lines,dl,9606,dl9606,2022-07-01
2,12:05:00.000,etihad airways,ey,7357,ey7357,2022-07-01
2,12:05:00.000,garuda indonesia,ga,9492,ga9492,2022-07-01
2,12:05:00.000,kenya airways,kq,1701,kq1701,2022-07-01
2,12:05:00.000,xiamen airlines,mf,9359,mf9359,2022-07-01
2,12:05:00.000,air europa,ux,3768,ux3768,2022-07-01
2,12:05:00.000,klm,kl,1701,kl1701,2022-07-01
2,12:15:00.000,transavia,hv,4632,hv4632,2022-07-01
4,12:15:00.000,vueling,vy,5132,vy5132,2022-07-01
4,12:15:00.000,american airlines,aa,8663,aa8663,2022-07-01
4,12:15:00.000,iberia,ib,3403,ib3403,2022-07-01
1,12:15:00.000,cubana de aviacion,cu,470,cu470,2022-07-01
1,12:20:00.000,ryanair,fr,5463,fr5463,2022-07-01
4s,12:30:00.000,air china ltd,ca,5310,ca5310,2022-07-01
4s,12:30:00.000,etihad airways,ey,2608,ey2608,2022-07-01
4s,12:30:00.000,turkish airlines,tk,8470,tk8470,2022-07-01
4s,12:30:00.000,sa avianca,av,16,av16,2022-07-01
No se ha encontrado la terminal de llegada.,12:30:00.000,west atlantic uk,,183,,2022-07-01
1,12:40:00.000,csa,ok,3129,ok3129,2022-07-01
1,12:40:00.000,air europa,ux,2454,ux2454,2022-07-01
1,12:40:00.000,aeromexico,am,1,am1,2022-07-01
1,12:40:00.000,turkish airlines,tk,9383,tk9383,2022-07-01
1,12:40:00.000,wamos air,eb,52,eb52,2022-07-01
2,12:40:00.000,azul,ad,7318,ad7318,2022-07-01
2,12:40:00.000,egyptair,ms,9434,ms9434,2022-07-01
2,12:40:00.000,azores airlines,s4,8700,s48700,2022-07-01
2,12:40:00.000,united airlines,ua,6850,ua6850,2022-07-01
2,12:40:00.000,tap air portugal,tp,1028,tp1028,2022-07-01
4s,12:45:00.000,british airways,ba,7053,ba7053,2022-07-01
4s,12:45:00.000,jal,jl,6980,jl6980,2022-07-01
4s,12:45:00.000,american airlines,aa,8577,aa8577,2022-07-01
4s,12:45:00.000,latam airlines,la,1538,la1538,2022-07-01
4s,12:45:00.000,vueling,vy,5178,vy5178,2022-07-01
4s,12:45:00.000,iberia,ib,3163,ib3163,2022-07-01
No se ha encontrado la terminal de llegada.,12:45:00.000,british airways,ba,9012,ba9012,2022-07-01
No se ha encontrado la terminal de llegada.,12:45:00.000,iberia,ib,9012,ib9012,2022-07-01
1,12:50:00.000,ryanair,fr,5375,fr5375,2022-07-01
1,12:55:00.000,air europa,ux,194,ux194,2022-07-01
1,12:55:00.000,air europa,ux,198,ux198,2022-07-01
4s,12:55:00.000,iberia,ib,1972,ib1972,2022-07-01
4s,12:55:00.000,royal air maroc,at,972,at972,2022-07-01
1,13:00:00.000,iberia,ib,2380,ib2380,2022-07-01
1,13:00:00.000,evelop airlines,e9,814,e9814,2022-07-01
1,13:00:00.000,ryanair,fr,3049,fr3049,2022-07-01
1,13:05:00.000,ryanair,fr,2032,fr2032,2022-07-01
1,13:05:00.000,aeromexico,am,6926,am6926,2022-07-01
1,13:05:00.000,alitalia,az,7116,az7116,2022-07-01
1,13:05:00.000,etihad airways,ey,4333,ey4333,2022-07-01
1,13:05:00.000,air serbia,ju,7425,ju7425,2022-07-01
1,13:05:00.000,air europa,ux,1040,ux1040,2022-07-01
1,13:10:00.000,aeromexico,am,6801,am6801,2022-07-01
1,13:10:00.000,etihad airways,ey,4384,ey4384,2022-07-01
1,13:10:00.000,air europa,ux,64,ux64,2022-07-01
1,13:10:00.000,ryanair,fr,848,fr848,2022-07-01
2,13:10:00.000,evelop airlines,e9,1172,e91172,2022-07-01
No se ha encontrado la terminal de llegada.,13:10:00.000,swiftair,wt,882,wt882,2022-07-01
1,13:15:00.000,air europa,ux,2407,ux2407,2022-07-01
1,13:15:00.000,middle east airlines,me,241,me241,2022-07-01
1,13:15:00.000,aeromexico,am,6850,am6850,2022-07-01
1,13:15:00.000,etihad airways,ey,4371,ey4371,2022-07-01
1,13:15:00.000,air serbia,ju,7423,ju7423,2022-07-01
1,13:15:00.000,air europa,ux,1066,ux1066,2022-07-01
1,13:20:00.000,ryanair,fr,189,fr189,2022-07-01
2,13:20:00.000,aeromexico,am,6861,am6861,2022-07-01
2,13:20:00.000,alitalia,az,2417,az2417,2022-07-01
2,13:20:00.000,etihad airways,ey,7593,ey7593,2022-07-01
2,13:20:00.000,air europa,ux,4064,ux4064,2022-07-01
1,13:20:00.000,aeromexico,am,6810,am6810,2022-07-01
1,13:20:00.000,aerolineas argentinas,ar,7365,ar7365,2022-07-01
1,13:20:00.000,delta air lines,dl,6767,dl6767,2022-07-01
1,13:20:00.000,etihad airways,ey,4389,ey4389,2022-07-01
1,13:20:00.000,air serbia,ju,7451,ju7451,2022-07-01
1,13:20:00.000,korean air,ke,6652,ke6652,2022-07-01
1,13:20:00.000,saudia,sv,6178,sv6178,2022-07-01
1,13:20:00.000,air europa,ux,7706,ux7706,2022-07-01
2,13:20:00.000,aeromexico,am,6831,am6831,2022-07-01
2,13:20:00.000,alitalia,az,2405,az2405,2022-07-01
2,13:20:00.000,etihad airways,ey,7587,ey7587,2022-07-01
2,13:20:00.000,air europa,ux,4042,ux4042,2022-07-01
4,13:25:00.000,malaysia airlines,mh,4513,mh4513,2022-07-01
4,13:25:00.000,qantas,qf,8141,qf8141,2022-07-01
4,13:25:00.000,emirates,ek,141,ek141,2022-07-01
2,13:25:00.000,aeromexico,am,6958,am6958,2022-07-01
2,13:25:00.000,etihad airways,ey,4374,ey4374,2022-07-01
2,13:25:00.000,air europa,ux,1516,ux1516,2022-07-01
4,13:25:00.000,vueling,vy,5360,vy5360,2022-07-01
4,13:25:00.000,iberia express,i2,3739,i23739,2022-07-01
1,13:30:00.000,smartwings,qs,181,qs181,2022-07-01
2,13:30:00.000,aeromexico,am,6865,am6865,2022-07-01
2,13:30:00.000,etihad airways,ey,4332,ey4332,2022-07-01
2,13:30:00.000,air serbia,ju,7416,ju7416,2022-07-01
2,13:30:00.000,air europa,ux,1676,ux1676,2022-07-01
2,13:30:00.000,aeromexico,am,6941,am6941,2022-07-01
2,13:30:00.000,aerolineas argentinas,ar,7343,ar7343,2022-07-01
2,13:30:00.000,air europa,ux,1014,ux1014,2022-07-01
4s,13:35:00.000,finnair,ay,5642,ay5642,2022-07-01
4s,13:35:00.000,british airways,ba,7260,ba7260,2022-07-01
4s,13:35:00.000,qatar airways,qr,6859,qr6859,2022-07-01
4s,13:35:00.000,american airlines,aa,8741,aa8741,2022-07-01
4s,13:35:00.000,iberia,ib,6118,ib6118,2022-07-01
2,13:35:00.000,aeromexico,am,6855,am6855,2022-07-01
2,13:35:00.000,saudia,sv,6975,sv6975,2022-07-01
2,13:35:00.000,air europa,ux,1146,ux1146,2022-07-01
2,13:35:00.000,aeromexico,am,6956,am6956,2022-07-01
2,13:35:00.000,china airlines,ci,9232,ci9232,2022-07-01
2,13:35:00.000,delta air lines,dl,6779,dl6779,2022-07-01
2,13:35:00.000,etihad airways,ey,4354,ey4354,2022-07-01
2,13:35:00.000,air serbia,ju,7426,ju7426,2022-07-01
2,13:35:00.000,vietnam airlines,vn,3167,vn3167,2022-07-01
2,13:35:00.000,air europa,ux,1502,ux1502,2022-07-01
2,13:35:00.000,aeromexico,am,6968,am6968,2022-07-01
2,13:35:00.000,alitalia,az,2431,az2431,2022-07-01
2,13:35:00.000,etihad airways,ey,7583,ey7583,2022-07-01
2,13:35:00.000,air europa,ux,5036,ux5036,2022-07-01
1,13:35:00.000,sa avianca,av,6638,av6638,2022-07-01
1,13:35:00.000,uzbekistan airways,hy,7247,hy7247,2022-07-01
1,13:35:00.000,turkish airlines,tk,1357,tk1357,2022-07-01
2,13:40:00.000,aeromexico,am,6840,am6840,2022-07-01
2,13:40:00.000,china airlines,ci,9230,ci9230,2022-07-01
2,13:40:00.000,delta air lines,dl,6766,dl6766,2022-07-01
2,13:40:00.000,etihad airways,ey,7596,ey7596,2022-07-01
2,13:40:00.000,garuda indonesia,ga,9468,ga9468,2022-07-01
2,13:40:00.000,air serbia,ju,7421,ju7421,2022-07-01
2,13:40:00.000,klm,kl,3393,kl3393,2022-07-01
2,13:40:00.000,xiamen airlines,mf,9552,mf9552,2022-07-01
2,13:40:00.000,air europa,ux,1098,ux1098,2022-07-01
2,13:40:00.000,air france,af,4831,af4831,2022-07-01
2,13:40:00.000,alitalia,az,2451,az2451,2022-07-01
2,13:40:00.000,delta air lines,dl,6749,dl6749,2022-07-01
2,13:40:00.000,etihad airways,ey,4393,ey4393,2022-07-01
2,13:40:00.000,klm,kl,3373,kl3373,2022-07-01
2,13:40:00.000,saudia,sv,6784,sv6784,2022-07-01
2,13:40:00.000,turkish airlines,tk,4587,tk4587,2022-07-01
2,13:40:00.000,air europa,ux,9047,ux9047,2022-07-01
1,13:45:00.000,ryanair,fr,3187,fr3187,2022-07-01
2,13:45:00.000,air france,af,4786,af4786,2022-07-01
2,13:45:00.000,aeromexico,am,6817,am6817,2022-07-01
2,13:45:00.000,alitalia,az,2457,az2457,2022-07-01
2,13:45:00.000,delta air lines,dl,6760,dl6760,2022-07-01
2,13:45:00.000,etihad airways,ey,4395,ey4395,2022-07-01
2,13:45:00.000,klm,kl,3380,kl3380,2022-07-01
2,13:45:00.000,saudia,sv,6132,sv6132,2022-07-01
2,13:45:00.000,air europa,ux,7315,ux7315,2022-07-01
2,13:45:00.000,air france,af,4815,af4815,2022-07-01
2,13:45:00.000,aeromexico,am,6993,am6993,2022-07-01
2,13:45:00.000,aerolineas argentinas,ar,7339,ar7339,2022-07-01
2,13:45:00.000,alitalia,az,2400,az2400,2022-07-01
2,13:45:00.000,delta air lines,dl,6765,dl6765,2022-07-01
2,13:45:00.000,etihad airways,ey,4390,ey4390,2022-07-01
2,13:45:00.000,klm,kl,3372,kl3372,2022-07-01
2,13:45:00.000,saudia,sv,6786,sv6786,2022-07-01
2,13:45:00.000,turkish airlines,tk,9397,tk9397,2022-07-01
2,13:45:00.000,air europa,ux,9161,ux9161,2022-07-01
1,13:50:00.000,ryanair,fr,3067,fr3067,2022-07-01
2,13:50:00.000,aeromexico,am,6905,am6905,2022-07-01
2,13:50:00.000,delta air lines,dl,6750,dl6750,2022-07-01
2,13:50:00.000,saudia,sv,6130,sv6130,2022-07-01
2,13:50:00.000,air europa,ux,1150,ux1150,2022-07-01
2,13:50:00.000,air france,af,4803,af4803,2022-07-01
2,13:50:00.000,aeromexico,am,6812,am6812,2022-07-01
2,13:50:00.000,alitalia,az,2445,az2445,2022-07-01
2,13:50:00.000,etihad airways,ey,4368,ey4368,2022-07-01
2,13:50:00.000,klm,kl,3318,kl3318,2022-07-01
2,13:50:00.000,saudia,sv,6129,sv6129,2022-07-01
2,13:50:00.000,turkish airlines,tk,9393,tk9393,2022-07-01
2,13:50:00.000,air europa,ux,6048,ux6048,2022-07-01
2,13:50:00.000,aeromexico,am,6986,am6986,2022-07-01
2,13:50:00.000,alitalia,az,2465,az2465,2022-07-01
2,13:50:00.000,delta air lines,dl,6742,dl6742,2022-07-01
2,13:50:00.000,etihad airways,ey,4306,ey4306,2022-07-01
2,13:50:00.000,klm,kl,3387,kl3387,2022-07-01
2,13:50:00.000,saudia,sv,6792,sv6792,2022-07-01
2,13:50:00.000,turkish airlines,tk,8580,tk8580,2022-07-01
2,13:50:00.000,air europa,ux,7158,ux7158,2022-07-01
4,13:50:00.000,vueling,vy,3420,vy3420,2022-07-01
4s,13:55:00.000,iberia,ib,6402,ib6402,2022-07-01
No se ha encontrado la terminal de llegada.,13:55:00.000,korean air,ke,591,ke591,2022-07-01
4s,14:00:00.000,iberia,ib,3251,ib3251,2022-07-01
1,14:00:00.000,pegasus,pc,1099,pc1099,2022-07-01
2,14:00:00.000,wizz air,w6,1471,w61471,2022-07-01
4s,14:10:00.000,british airways,ba,7233,ba7233,2022-07-01
4s,14:10:00.000,qatar airways,qr,5071,qr5071,2022-07-01
4s,14:10:00.000,el al,ly,9220,ly9220,2022-07-01
4s,14:10:00.000,latam airlines,la,5391,la5391,2022-07-01
4s,14:10:00.000,iberia,ib,6650,ib6650,2022-07-01
4s,14:15:00.000,american airlines,aa,8568,aa8568,2022-07-01
4s,14:15:00.000,british airways,ba,4266,ba4266,2022-07-01
4s,14:15:00.000,finnair,ay,5652,ay5652,2022-07-01
4s,14:15:00.000,qatar airways,qr,6896,qr6896,2022-07-01
4s,14:15:00.000,iberia,ib,6170,ib6170,2022-07-01
4s,14:15:00.000,iberia,ib,1791,ib1791,2022-07-01
4s,14:15:00.000,boa,ob,776,ob776,2022-07-01
1,14:15:00.000,ryanair,fr,5491,fr5491,2022-07-01
4,14:15:00.000,american airlines,aa,8745,aa8745,2022-07-01
4,14:15:00.000,vueling,vy,5545,vy5545,2022-07-01
4,14:15:00.000,qatar airways,qr,6973,qr6973,2022-07-01
4,14:15:00.000,iberia,ib,8747,ib8747,2022-07-01
1,14:20:00.000,ryanair,fr,7729,fr7729,2022-07-01
4,14:20:00.000,american airlines,aa,8707,aa8707,2022-07-01
4,14:20:00.000,iberia,ib,563,ib563,2022-07-01
4s,14:20:00.000,british airways,ba,7055,ba7055,2022-07-01
4s,14:20:00.000,vueling,vy,5230,vy5230,2022-07-01
4s,14:20:00.000,american airlines,aa,8578,aa8578,2022-07-01
4s,14:20:00.000,iberia,ib,3175,ib3175,2022-07-01
4,14:20:00.000,american airlines,aa,8597,aa8597,2022-07-01
4,14:20:00.000,vueling,vy,5523,vy5523,2022-07-01
4,14:20:00.000,qatar airways,qr,6961,qr6961,2022-07-01
4,14:20:00.000,iberia,ib,8717,ib8717,2022-07-01
4,14:20:00.000,american airlines,aa,8609,aa8609,2022-07-01
4,14:20:00.000,vueling,vy,5557,vy5557,2022-07-01
4,14:20:00.000,american airlines,aa,8635,aa8635,2022-07-01
4,14:20:00.000,iberia,ib,8767,ib8767,2022-07-01
4,14:25:00.000,finnair,ay,5629,ay5629,2022-07-01
4,14:25:00.000,american airlines,aa,8872,aa8872,2022-07-01
4,14:25:00.000,latam airlines,la,7071,la7071,2022-07-01
4,14:25:00.000,vueling,vy,5150,vy5150,2022-07-01
4,14:25:00.000,iberia,ib,3483,ib3483,2022-07-01
4s,14:25:00.000,srilankan airlines,ul,3421,ul3421,2022-07-01
4s,14:25:00.000,latam airlines,la,5315,la5315,2022-07-01
4s,14:25:00.000,iberia,ib,7902,ib7902,2022-07-01
4s,14:25:00.000,oman air,wy,6307,wy6307,2022-07-01
4s,14:25:00.000,malaysia airlines,mh,9249,mh9249,2022-07-01
4s,14:25:00.000,qatar airways,qr,149,qr149,2022-07-01
4,14:30:00.000,air china ltd,ca,7102,ca7102,2022-07-01
4,14:30:00.000,iberia,ib,7064,ib7064,2022-07-01
4,14:30:00.000,qatar airways,qr,5272,qr5272,2022-07-01
4,14:30:00.000,latam airlines,la,8064,la8064,2022-07-01
2,14:30:00.000,air canada,ac,9182,ac9182,2022-07-01
2,14:30:00.000,austrian,os,7449,os7449,2022-07-01
2,14:30:00.000,lufthansa,lh,1802,lh1802,2022-07-01
1,14:30:00.000,tap air portugal,tp,7008,tp7008,2022-07-01
1,14:30:00.000,egyptair,ms,753,ms753,2022-07-01
4s,14:35:00.000,latam airlines,la,1575,la1575,2022-07-01
4s,14:35:00.000,qatar airways,qr,6969,qr6969,2022-07-01
4s,14:35:00.000,iberia,ib,6588,ib6588,2022-07-01
4s,14:35:00.000,british airways,ba,4254,ba4254,2022-07-01
4s,14:35:00.000,qatar airways,qr,6974,qr6974,2022-07-01
4s,14:35:00.000,iberia,ib,6844,ib6844,2022-07-01
4,14:35:00.000,vueling,vy,5109,vy5109,2022-07-01
4,14:35:00.000,qatar airways,qr,6993,qr6993,2022-07-01
4,14:35:00.000,american airlines,aa,8659,aa8659,2022-07-01
4,14:35:00.000,iberia,ib,3243,ib3243,2022-07-01
4,14:35:00.000,american airlines,aa,8809,aa8809,2022-07-01
4,14:35:00.000,iberia,ib,8905,ib8905,2022-07-01
2,14:35:00.000,lot - polish airlines,lo,433,lo433,2022-07-01
4s,14:35:00.000,american airlines,aa,8830,aa8830,2022-07-01
4s,14:35:00.000,aer lingus,ei,5793,ei5793,2022-07-01
4s,14:35:00.000,vueling,vy,5386,vy5386,2022-07-01
4s,14:35:00.000,iberia express,i2,3793,i23793,2022-07-01
4,14:40:00.000,vueling,vy,5289,vy5289,2022-07-01
4,14:40:00.000,american airlines,aa,8524,aa8524,2022-07-01
4,14:40:00.000,iberia,ib,3067,ib3067,2022-07-01
4,14:40:00.000,latam airlines,la,5440,la5440,2022-07-01
4,14:40:00.000,american airlines,aa,8553,aa8553,2022-07-01
4,14:40:00.000,boa,ob,5207,ob5207,2022-07-01
4,14:40:00.000,vueling,vy,5099,vy5099,2022-07-01
4,14:40:00.000,qatar airways,qr,6860,qr6860,2022-07-01
4,14:40:00.000,iberia,ib,3231,ib3231,2022-07-01
4s,14:40:00.000,american airlines,aa,8823,aa8823,2022-07-01
4s,14:40:00.000,latam airlines,la,5402,la5402,2022-07-01
4s,14:40:00.000,boa,ob,5503,ob5503,2022-07-01
4s,14:40:00.000,vueling,vy,5147,vy5147,2022-07-01
4s,14:40:00.000,american airlines,aa,8700,aa8700,2022-07-01
4s,14:40:00.000,iberia,ib,3477,ib3477,2022-07-01
No se ha encontrado la terminal de llegada.,04:45:00.000,swiftair,wt,8842,wt8842,2022-07-01
No se ha encontrado la terminal de llegada.,05:40:00.000,ups airlines,5x,256,5x256,2022-07-01
No se ha encontrado la terminal de llegada.,06:48:00.000,plus ultra,pu,302,pu302,2022-07-01
No se ha encontrado la terminal de llegada.,07:36:00.000,asl airlines ireland,ag,592,ag592,2022-07-01
1,08:05:00.000,air canada,ac,5964,ac5964,2022-07-01
1,08:05:00.000,lufthansa,lh,9385,lh9385,2022-07-01
1,08:05:00.000,swiss,lx,3071,lx3071,2022-07-01
1,08:05:00.000,brussels airlines,sn,8927,sn8927,2022-07-01
1,08:05:00.000,united airlines,ua,163,ua163,2022-07-01
4,08:05:00.000,american airlines,aa,8596,aa8596,2022-07-01
4,08:05:00.000,vueling,vy,5529,vy5529,2022-07-01
4,08:05:00.000,qatar airways,qr,6971,qr6971,2022-07-01
4,08:05:00.000,iberia,ib,8723,ib8723,2022-07-01
4,08:10:00.000,finnair,ay,4008,ay4008,2022-07-01
4,08:10:00.000,jetblue airways,b6,4494,b64494,2022-07-01
4,08:10:00.000,british airways,ba,1566,ba1566,2022-07-01
4,08:10:00.000,iberia,ib,4000,ib4000,2022-07-01
4,08:10:00.000,el al,ly,8004,ly8004,2022-07-01
4,08:10:00.000,royal jordanian,rj,7691,rj7691,2022-07-01
4,08:10:00.000,american airlines,aa,94,aa94,2022-07-01
No se ha encontrado la terminal de llegada.,09:26:00.000,asl airlines ireland,ag,363,ag363,2022-07-01
No se ha encontrado la terminal de llegada.,14:33:00.000,european flight service,,5087,,2022-07-01
4,14:40:00.000,air baltic,bt,5236,bt5236,2022-07-01
4,14:40:00.000,qatar airways,qr,6875,qr6875,2022-07-01
4,14:40:00.000,american airlines,aa,8597,aa8597,2022-07-01
4,14:40:00.000,latam airlines,la,1593,la1593,2022-07-01
4,14:40:00.000,british airways,ba,7229,ba7229,2022-07-01
4,14:40:00.000,vueling,vy,5604,vy5604,2022-07-01
4,14:40:00.000,american airlines,aa,8560,aa8560,2022-07-01
4,14:40:00.000,iberia,ib,8933,ib8933,2022-07-01
4,14:45:00.000,vueling,vy,5287,vy5287,2022-07-01
4,14:45:00.000,american airlines,aa,8617,aa8617,2022-07-01
4,14:45:00.000,iberia,ib,3065,ib3065,2022-07-01
4,14:45:00.000,american airlines,aa,8753,aa8753,2022-07-01
4,14:45:00.000,qatar airways,qr,6536,qr6536,2022-07-01
4,14:45:00.000,vueling,vy,5307,vy5307,2022-07-01
4,14:45:00.000,iberia,ib,3093,ib3093,2022-07-01
4,14:45:00.000,vueling,vy,5223,vy5223,2022-07-01
4,14:45:00.000,american airlines,aa,8702,aa8702,2022-07-01
4,14:45:00.000,iberia,ib,3141,ib3141,2022-07-01
4s,14:45:00.000,finnair,ay,5625,ay5625,2022-07-01
4s,14:45:00.000,latam airlines,la,5416,la5416,2022-07-01
4s,14:45:00.000,american airlines,aa,8721,aa8721,2022-07-01
4s,14:45:00.000,vueling,vy,5092,vy5092,2022-07-01
4s,14:45:00.000,air baltic,bt,5168,bt5168,2022-07-01
4s,14:45:00.000,iberia,ib,3203,ib3203,2022-07-01
4,14:45:00.000,latam airlines,la,7116,la7116,2022-07-01
4,14:45:00.000,vueling,vy,5136,vy5136,2022-07-01
4,14:45:00.000,american airlines,aa,8756,aa8756,2022-07-01
4,14:45:00.000,iberia,ib,3435,ib3435,2022-07-01
4,14:45:00.000,sa avianca,av,6179,av6179,2022-07-01
4,14:45:00.000,vueling,vy,5033,vy5033,2022-07-01
4,14:45:00.000,air baltic,bt,5154,bt5154,2022-07-01
4,14:45:00.000,qatar airways,qr,5079,qr5079,2022-07-01
4,14:45:00.000,british airways,ba,7223,ba7223,2022-07-01
4,14:45:00.000,american airlines,aa,8551,aa8551,2022-07-01
4,14:45:00.000,iberia,ib,507,ib507,2022-07-01
4,14:45:00.000,american airlines,aa,8500,aa8500,2022-07-01
4,14:45:00.000,qatar airways,qr,6554,qr6554,2022-07-01
4,14:45:00.000,vueling,vy,5428,vy5428,2022-07-01
4,14:45:00.000,iberia express,i2,3853,i23853,2022-07-01
4,14:45:00.000,american airlines,aa,8809,aa8809,2022-07-01
4,14:45:00.000,british airways,ba,7095,ba7095,2022-07-01
4,14:45:00.000,bulgaria air,fb,1408,fb1408,2022-07-01
4,14:45:00.000,latam airlines,la,7025,la7025,2022-07-01
4,14:45:00.000,qatar airways,qr,6962,qr6962,2022-07-01
4,14:45:00.000,iberia express,i2,3943,i23943,2022-07-01
4,14:45:00.000,vueling,vy,5513,vy5513,2022-07-01
4,14:45:00.000,american airlines,aa,8534,aa8534,2022-07-01
4,14:45:00.000,qatar airways,qr,6959,qr6959,2022-07-01
4,14:45:00.000,iberia,ib,8699,ib8699,2022-07-01
4,14:50:00.000,british airways,ba,7247,ba7247,2022-07-01
4,14:50:00.000,latam airlines,la,5397,la5397,2022-07-01
4,14:50:00.000,qatar airways,qr,6916,qr6916,2022-07-01
4,14:50:00.000,american airlines,aa,8527,aa8527,2022-07-01
4,14:50:00.000,sa avianca,av,6175,av6175,2022-07-01
4,14:50:00.000,vueling,vy,5013,vy5013,2022-07-01
4,14:50:00.000,air baltic,bt,5145,bt5145,2022-07-01
4,14:50:00.000,iberia,ib,447,ib447,2022-07-01
4,14:50:00.000,british airways,ba,7175,ba7175,2022-07-01
4,14:50:00.000,latam airlines,la,5478,la5478,2022-07-01
4,14:50:00.000,qatar airways,qr,6898,qr6898,2022-07-01
4,14:50:00.000,royal air maroc,at,9961,at9961,2022-07-01
4,14:50:00.000,sa avianca,av,6187,av6187,2022-07-01
4,14:50:00.000,vueling,vy,5017,vy5017,2022-07-01
4,14:50:00.000,air baltic,bt,5147,bt5147,2022-07-01
4,14:50:00.000,american airlines,aa,8876,aa8876,2022-07-01
4,14:50:00.000,iberia,ib,475,ib475,2022-07-01
4,14:50:00.000,air baltic,bt,5164,bt5164,2022-07-01
4,14:50:00.000,latam airlines,la,1614,la1614,2022-07-01
4,14:50:00.000,vueling,vy,5823,vy5823,2022-07-01
4,14:50:00.000,iberia express,i2,3723,i23723,2022-07-01
4,14:50:00.000,american airlines,aa,8678,aa8678,2022-07-01
4,14:50:00.000,air baltic,bt,5159,bt5159,2022-07-01
4,14:50:00.000,qatar airways,qr,6522,qr6522,2022-07-01
4,14:50:00.000,iberia express,i2,3807,i23807,2022-07-01
4,14:50:00.000,latam airlines,la,1591,la1591,2022-07-01
4,14:50:00.000,american airlines,aa,8875,aa8875,2022-07-01
4,14:50:00.000,vueling,vy,5551,vy5551,2022-07-01
4,14:50:00.000,qatar airways,qr,6586,qr6586,2022-07-01
4,14:50:00.000,american airlines,aa,8532,aa8532,2022-07-01
4,14:50:00.000,iberia,ib,8757,ib8757,2022-07-01
4s,14:50:00.000,american airlines,aa,8532,aa8532,2022-07-01
4s,14:50:00.000,royal air maroc,at,9981,at9981,2022-07-01
4s,14:50:00.000,qatar airways,qr,5077,qr5077,2022-07-01
4s,14:50:00.000,vueling,vy,5438,vy5438,2022-07-01
4s,14:50:00.000,american airlines,aa,8628,aa8628,2022-07-01
4s,14:50:00.000,iberia,ib,8797,ib8797,2022-07-01
4,14:55:00.000,vueling,vy,5060,vy5060,2022-07-01
4,14:55:00.000,american airlines,aa,8517,aa8517,2022-07-01
4,14:55:00.000,latam airlines,la,1552,la1552,2022-07-01
4,14:55:00.000,qatar airways,qr,5376,qr5376,2022-07-01
4,14:55:00.000,iberia,ib,3021,ib3021,2022-07-01
4s,14:55:00.000,american airlines,aa,8589,aa8589,2022-07-01
4s,14:55:00.000,qatar airways,qr,6533,qr6533,2022-07-01
4s,14:55:00.000,vueling,vy,5070,vy5070,2022-07-01
4s,14:55:00.000,latam airlines,la,1534,la1534,2022-07-01
4s,14:55:00.000,iberia,ib,3109,ib3109,2022-07-01
4,14:55:00.000,american airlines,aa,8514,aa8514,2022-07-01
4,14:55:00.000,qatar airways,qr,6583,qr6583,2022-07-01
4,14:55:00.000,sa avianca,av,6021,av6021,2022-07-01
4,14:55:00.000,vueling,vy,5567,vy5567,2022-07-01
4,14:55:00.000,american airlines,aa,8764,aa8764,2022-07-01
4,14:55:00.000,iberia,ib,8847,ib8847,2022-07-01
4,14:55:00.000,iberia,ib,8913,ib8913,2022-07-01
4,14:55:00.000,vueling,vy,5316,vy5316,2022-07-01
4,14:55:00.000,iberia express,i2,3685,i23685,2022-07-01
4,14:55:00.000,air baltic,bt,5240,bt5240,2022-07-01
4,14:55:00.000,qatar airways,qr,6521,qr6521,2022-07-01
4,14:55:00.000,american airlines,aa,8618,aa8618,2022-07-01
4,14:55:00.000,vueling,vy,5596,vy5596,2022-07-01
4,14:55:00.000,american airlines,aa,8574,aa8574,2022-07-01
4,14:55:00.000,iberia,ib,8919,ib8919,2022-07-01
4s,15:00:00.000,iberia,ib,3169,ib3169,2022-07-01
4s,15:00:00.000,iberia,ib,3191,ib3191,2022-07-01
4,15:00:00.000,iberia,ib,8707,ib8707,2022-07-01
4,15:00:00.000,iberia express,i2,3827,i23827,2022-07-01
4,15:00:00.000,iberia,ib,8861,ib8861,2022-07-01
2,15:20:00.000,aegean airlines,a3,1710,a31710,2022-07-01
2,15:20:00.000,air canada,ac,2682,ac2682,2022-07-01
2,15:20:00.000,azul,ad,7299,ad7299,2022-07-01
2,15:20:00.000,sa avianca,av,2494,av2494,2022-07-01
2,15:20:00.000,egyptair,ms,9420,ms9420,2022-07-01
2,15:20:00.000,azores airlines,s4,8694,s48694,2022-07-01
2,15:20:00.000,tap air portugal,tp,1024,tp1024,2022-07-01
4s,15:25:00.000,royal air maroc,at,9971,at9971,2022-07-01
4s,15:25:00.000,american airlines,aa,8538,aa8538,2022-07-01
4s,15:25:00.000,vueling,vy,5372,vy5372,2022-07-01
4s,15:25:00.000,iberia,ib,8793,ib8793,2022-07-01
4s,15:25:00.000,iberia,ib,1983,ib1983,2022-07-01
4s,15:25:00.000,royal jordanian,rj,109,rj109,2022-07-01
4s,15:30:00.000,vueling,vy,5075,vy5075,2022-07-01
4s,15:30:00.000,latam airlines,la,1636,la1636,2022-07-01
4s,15:30:00.000,american airlines,aa,8708,aa8708,2022-07-01
4s,15:30:00.000,iberia,ib,3121,ib3121,2022-07-01
1,15:35:00.000,ryanair,fr,2067,fr2067,2022-07-01
4s,15:35:00.000,american airlines,aa,8767,aa8767,2022-07-01
4s,15:35:00.000,royal air maroc,at,9975,at9975,2022-07-01
4s,15:35:00.000,vueling,vy,5358,vy5358,2022-07-01
4s,15:35:00.000,iberia,ib,3341,ib3341,2022-07-01
2,15:40:00.000,aerolineas argentinas,ar,7831,ar7831,2022-07-01
2,15:40:00.000,delta air lines,dl,8630,dl8630,2022-07-01
2,15:40:00.000,gol,g3,5241,g35241,2022-07-01
2,15:40:00.000,kenya airways,kq,3784,kq3784,2022-07-01
2,15:40:00.000,air mauritius,mk,9420,mk9420,2022-07-01
2,15:40:00.000,air europa,ux,2226,ux2226,2022-07-01
2,15:40:00.000,vietnam airlines,vn,3684,vn3684,2022-07-01
2,15:40:00.000,air france,af,1600,af1600,2022-07-01
1,15:40:00.000,ryanair,fr,7755,fr7755,2022-07-01
4,15:40:00.000,american airlines,aa,8842,aa8842,2022-07-01
4,15:40:00.000,iberia,ib,8297,ib8297,2022-07-01
1,15:45:00.000,ryanair,fr,5055,fr5055,2022-07-01
1,15:45:00.000,easyjet,u2,8277,u28277,2022-07-01
2,15:45:00.000,air france,af,4811,af4811,2022-07-01
2,15:45:00.000,aeromexico,am,6864,am6864,2022-07-01
2,15:45:00.000,alitalia,az,2429,az2429,2022-07-01
2,15:45:00.000,air serbia,ju,7439,ju7439,2022-07-01
2,15:45:00.000,klm,kl,3331,kl3331,2022-07-01
2,15:45:00.000,turkish airlines,tk,9395,tk9395,2022-07-01
2,15:45:00.000,air europa,ux,6024,ux6024,2022-07-01
4s,15:50:00.000,american airlines,aa,8533,aa8533,2022-07-01
4s,15:50:00.000,vueling,vy,5171,vy5171,2022-07-01
4s,15:50:00.000,latam airlines,la,1651,la1651,2022-07-01
4s,15:50:00.000,iberia,ib,3157,ib3157,2022-07-01
1,15:55:00.000,lauda europe,lw,2054,lw2054,2022-07-01
2,15:55:00.000,air canada,ac,9284,ac9284,2022-07-01
2,15:55:00.000,austrian,os,7461,os7461,2022-07-01
2,15:55:00.000,united airlines,ua,9229,ua9229,2022-07-01
2,15:55:00.000,oman air,wy,5504,wy5504,2022-07-01
2,15:55:00.000,lufthansa,lh,1114,lh1114,2022-07-01
1,15:55:00.000,pegasus,pc,1101,pc1101,2022-07-01
1,15:55:00.000,easyjet,u2,1115,u21115,2022-07-01
1,16:00:00.000,easyjet,u2,6995,u26995,2022-07-01
1,16:05:00.000,easyjet,u2,3907,u23907,2022-07-01
4,16:05:00.000,iberia,ib,8675,ib8675,2022-07-01
1,16:15:00.000,ryanair,fr,5996,fr5996,2022-07-01
4,16:15:00.000,iberia,ib,8295,ib8295,2022-07-01
4s,16:25:00.000,turkish airlines,tk,8466,tk8466,2022-07-01
4s,16:25:00.000,sa avianca,av,10,av10,2022-07-01
2,16:25:00.000,aerolineas argentinas,ar,7817,ar7817,2022-07-01
2,16:25:00.000,china southern airlines,cz,1375,cz1375,2022-07-01
2,16:25:00.000,delta air lines,dl,9607,dl9607,2022-07-01
2,16:25:00.000,etihad airways,ey,7339,ey7339,2022-07-01
2,16:25:00.000,garuda indonesia,ga,9015,ga9015,2022-07-01
2,16:25:00.000,gol,g3,5664,g35664,2022-07-01
2,16:25:00.000,kenya airways,kq,1703,kq1703,2022-07-01
2,16:25:00.000,xiamen airlines,mf,9709,mf9709,2022-07-01
2,16:25:00.000,uia,ps,9403,ps9403,2022-07-01
2,16:25:00.000,klm,kl,1703,kl1703,2022-07-01
1,16:30:00.000,el al,ly,8204,ly8204,2022-07-01
1,16:30:00.000,air europa,ux,2452,ux2452,2022-07-01
1,16:30:00.000,aeromexico,am,21,am21,2022-07-01
1,16:30:00.000,ryanair,fr,1330,fr1330,2022-07-01
4,16:30:00.000,boa,ob,5503,ob5503,2022-07-01
4,16:30:00.000,vueling,vy,5133,vy5133,2022-07-01
4,16:30:00.000,latam airlines,la,1551,la1551,2022-07-01
4,16:30:00.000,iberia,ib,3405,ib3405,2022-07-01
4s,16:35:00.000,american airlines,aa,6804,aa6804,2022-07-01
4s,16:35:00.000,iberia,ib,7462,ib7462,2022-07-01
4s,16:35:00.000,british airways,ba,460,ba460,2022-07-01
1,16:40:00.000,ryanair,fr,5469,fr5469,2022-07-01
2,16:45:00.000,etihad airways,ey,7267,ey7267,2022-07-01
2,16:45:00.000,lufthansa,lh,5662,lh5662,2022-07-01
2,16:45:00.000,united airlines,ua,9977,ua9977,2022-07-01
2,16:45:00.000,brussels airlines,sn,3727,sn3727,2022-07-01
1,16:50:00.000,ryanair,fr,2083,fr2083,2022-07-01
1,16:50:00.000,ryanair,fr,2064,fr2064,2022-07-01
1,16:50:00.000,easyjet,u2,7475,u27475,2022-07-01
4s,16:55:00.000,vueling,vy,5824,vy5824,2022-07-01
4s,16:55:00.000,iberia,ib,3253,ib3253,2022-07-01
1,16:55:00.000,sa avianca,av,6627,av6627,2022-07-01
1,16:55:00.000,uzbekistan airways,hy,7289,hy7289,2022-07-01
1,16:55:00.000,air europa,ux,3906,ux3906,2022-07-01
1,16:55:00.000,turkish airlines,tk,1859,tk1859,2022-07-01
4,17:00:00.000,iberia,ib,7190,ib7190,2022-07-01
4,17:00:00.000,latam airlines,la,2484,la2484,2022-07-01
2,17:00:00.000,aerolineas argentinas,ar,7833,ar7833,2022-07-01
2,17:00:00.000,delta air lines,dl,8334,dl8334,2022-07-01
2,17:00:00.000,gol,g3,5260,g35260,2022-07-01
2,17:00:00.000,air mauritius,mk,9566,mk9566,2022-07-01
2,17:00:00.000,air europa,ux,2229,ux2229,2022-07-01
2,17:00:00.000,air france,af,1800,af1800,2022-07-01
4,17:00:00.000,vueling,vy,5062,vy5062,2022-07-01
4,17:00:00.000,latam airlines,la,1557,la1557,2022-07-01
4,17:00:00.000,qatar airways,qr,6557,qr6557,2022-07-01
4,17:00:00.000,iberia,ib,3025,ib3025,2022-07-01
2,17:05:00.000,azul,ad,7359,ad7359,2022-07-01
2,17:05:00.000,sa avianca,av,2497,av2497,2022-07-01
2,17:05:00.000,azores airlines,s4,8718,s48718,2022-07-01
2,17:05:00.000,tap air portugal,tp,1018,tp1018,2022-07-01
1,17:10:00.000,korean air,ke,6325,ke6325,2022-07-01
1,17:10:00.000,el al,ly,8836,ly8836,2022-07-01
1,17:10:00.000,china eastern airlines,mu,8294,mu8294,2022-07-01
1,17:10:00.000,aeroflot,su,4428,su4428,2022-07-01
1,17:10:00.000,air europa,ux,3044,ux3044,2022-07-01
1,17:10:00.000,aerolineas argentinas,ar,1132,ar1132,2022-07-01
2,17:10:00.000,bulgaria air,fb,1723,fb1723,2022-07-01
2,17:10:00.000,air europa,ux,3116,ux3116,2022-07-01
2,17:10:00.000,ita airways,az,60,az60,2022-07-01
4s,17:15:00.000,american airlines,aa,8595,aa8595,2022-07-01
4s,17:15:00.000,british airways,ba,7145,ba7145,2022-07-01
4s,17:15:00.000,latam airlines,la,1558,la1558,2022-07-01
4s,17:15:00.000,binter canarias,nt,7823,nt7823,2022-07-01
4s,17:15:00.000,vueling,vy,5401,vy5401,2022-07-01
4s,17:15:00.000,iberia express,i2,3823,i23823,2022-07-01
1,17:20:00.000,easyjet,u2,7613,u27613,2022-07-01
4,17:20:00.000,american airlines,aa,8501,aa8501,2022-07-01
4,17:20:00.000,british airways,ba,7225,ba7225,2022-07-01
4,17:20:00.000,vueling,vy,5432,vy5432,2022-07-01
4,17:20:00.000,latam airlines,la,1688,la1688,2022-07-01
4,17:20:00.000,iberia express,i2,3857,i23857,2022-07-01
4s,17:25:00.000,latam airlines,la,1545,la1545,2022-07-01
4s,17:25:00.000,vueling,vy,5235,vy5235,2022-07-01
4s,17:25:00.000,qatar airways,qr,6870,qr6870,2022-07-01
4s,17:25:00.000,iberia,ib,3233,ib3233,2022-07-01
4,17:35:00.000,latam airlines,la,1692,la1692,2022-07-01
4,17:35:00.000,iberia express,i2,3907,i23907,2022-07-01
2,17:45:00.000,air canada,ac,9493,ac9493,2022-07-01
2,17:45:00.000,lufthansa,lh,1804,lh1804,2022-07-01
4,17:45:00.000,iberia,ib,5004,ib5004,2022-07-01
4,17:45:00.000,latam airlines,la,5775,la5775,2022-07-01
4,17:45:00.000,qatar airways,qr,3605,qr3605,2022-07-01
4,17:45:00.000,vueling,vy,1006,vy1006,2022-07-01
2,18:00:00.000,air france,af,4816,af4816,2022-07-01
2,18:00:00.000,aeromexico,am,6975,am6975,2022-07-01
2,18:00:00.000,aerolineas argentinas,ar,7347,ar7347,2022-07-01
2,18:00:00.000,etihad airways,ey,5151,ey5151,2022-07-01
2,18:00:00.000,air serbia,ju,7415,ju7415,2022-07-01
2,18:00:00.000,klm,kl,3377,kl3377,2022-07-01
2,18:00:00.000,air europa,ux,7317,ux7317,2022-07-01
4,18:00:00.000,american airlines,aa,8691,aa8691,2022-07-01
4,18:00:00.000,iberia express,i2,3911,i23911,2022-07-01
1,18:05:00.000,ryanair,fr,3059,fr3059,2022-07-01
4,18:05:00.000,iberia,ib,5271,ib5271,2022-07-01
4,18:05:00.000,vueling,vy,3422,vy3422,2022-07-01
4s,18:10:00.000,iberia,ib,7109,ib7109,2022-07-01
4s,18:10:00.000,latam airlines,la,706,la706,2022-07-01
4,18:10:00.000,vueling,vy,5068,vy5068,2022-07-01
4,18:10:00.000,american airlines,aa,8559,aa8559,2022-07-01
4,18:10:00.000,latam airlines,la,1581,la1581,2022-07-01
4,18:10:00.000,iberia,ib,3027,ib3027,2022-07-01
2,18:10:00.000,aeromexico,am,6853,am6853,2022-07-01
2,18:10:00.000,air serbia,ju,7413,ju7413,2022-07-01
2,18:10:00.000,air europa,ux,1140,ux1140,2022-07-01
2,18:10:00.000,aeromexico,am,6870,am6870,2022-07-01
2,18:10:00.000,air europa,ux,5050,ux5050,2022-07-01
2,18:10:00.000,air france,af,4807,af4807,2022-07-01
2,18:10:00.000,aeromexico,am,6969,am6969,2022-07-01
2,18:10:00.000,aerolineas argentinas,ar,7329,ar7329,2022-07-01
2,18:10:00.000,etihad airways,ey,4325,ey4325,2022-07-01
2,18:10:00.000,air serbia,ju,7460,ju7460,2022-07-01
2,18:10:00.000,klm,kl,3319,kl3319,2022-07-01
2,18:10:00.000,air europa,ux,6066,ux6066,2022-07-01
4,18:10:00.000,sa avianca,av,6133,av6133,2022-07-01
4,18:10:00.000,latam airlines,la,1567,la1567,2022-07-01
4,18:10:00.000,iberia express,i2,3937,i23937,2022-07-01
2,18:10:00.000,air france,af,4817,af4817,2022-07-01
2,18:10:00.000,aeromexico,am,6971,am6971,2022-07-01
2,18:10:00.000,etihad airways,ey,4348,ey4348,2022-07-01
2,18:10:00.000,air serbia,ju,7410,ju7410,2022-07-01
2,18:10:00.000,klm,kl,3336,kl3336,2022-07-01
2,18:10:00.000,air europa,ux,9049,ux9049,2022-07-01
1,18:20:00.000,ryanair,fr,5433,fr5433,2022-07-01
2,18:20:00.000,aeromexico,am,6828,am6828,2022-07-01
2,18:20:00.000,aerolineas argentinas,ar,7337,ar7337,2022-07-01
2,18:20:00.000,air serbia,ju,7412,ju7412,2022-07-01
2,18:20:00.000,air europa,ux,1156,ux1156,2022-07-01
4s,18:35:00.000,iberia,ib,1971,ib1971,2022-07-01
4s,18:35:00.000,qatar airways,qr,4532,qr4532,2022-07-01
4s,18:35:00.000,royal air maroc,at,970,at970,2022-07-01
4,18:40:00.000,vueling,vy,5247,vy5247,2022-07-01
4,18:40:00.000,iberia,ib,3271,ib3271,2022-07-01
4,18:40:00.000,american airlines,aa,5419,aa5419,2022-07-01
4,18:40:00.000,american airlines,aa,8709,aa8709,2022-07-01
4,18:40:00.000,iberia express,i2,3843,i23843,2022-07-01
4,18:50:00.000,vueling,vy,5173,vy5173,2022-07-01
4,18:50:00.000,csa,ok,4704,ok4704,2022-07-01
4,18:50:00.000,american airlines,aa,8766,aa8766,2022-07-01
4,18:50:00.000,iberia,ib,3149,ib3149,2022-07-01
4,18:50:00.000,american airlines,aa,8773,aa8773,2022-07-01
4,18:50:00.000,sa avianca,av,6126,av6126,2022-07-01
4,18:50:00.000,latam airlines,la,1562,la1562,2022-07-01
4,18:50:00.000,vueling,vy,5446,vy5446,2022-07-01
4,18:50:00.000,iberia express,i2,3879,i23879,2022-07-01
4,18:50:00.000,latam airlines,la,1719,la1719,2022-07-01
4,18:50:00.000,sa avianca,av,6140,av6140,2022-07-01
4,18:50:00.000,vueling,vy,5583,vy5583,2022-07-01
4,18:50:00.000,iberia,ib,8877,ib8877,2022-07-01
4,18:55:00.000,british airways,ba,7257,ba7257,2022-07-01
4,18:55:00.000,latam airlines,la,5406,la5406,2022-07-01
4,18:55:00.000,american airlines,aa,8528,aa8528,2022-07-01
4,18:55:00.000,sa avianca,av,6022,av6022,2022-07-01
4,18:55:00.000,vueling,vy,5015,vy5015,2022-07-01
4,18:55:00.000,iberia,ib,449,ib449,2022-07-01
4,18:55:00.000,vueling,vy,5285,vy5285,2022-07-01
4,18:55:00.000,latam airlines,la,1644,la1644,2022-07-01
4,18:55:00.000,american airlines,aa,8700,aa8700,2022-07-01
4,18:55:00.000,iberia,ib,3059,ib3059,2022-07-01
4,18:55:00.000,vueling,vy,5309,vy5309,2022-07-01
4,18:55:00.000,latam airlines,la,1646,la1646,2022-07-01
4,18:55:00.000,iberia,ib,3095,ib3095,2022-07-01
4,18:55:00.000,vueling,vy,5175,vy5175,2022-07-01
4,18:55:00.000,latam airlines,la,1649,la1649,2022-07-01
4,18:55:00.000,iberia,ib,3151,ib3151,2022-07-01
4,18:55:00.000,american airlines,aa,8759,aa8759,2022-07-01
4,18:55:00.000,iberia,ib,8901,ib8901,2022-07-01
4,18:55:00.000,vueling,vy,5239,vy5239,2022-07-01
4,18:55:00.000,american airlines,aa,8774,aa8774,2022-07-01
4,18:55:00.000,iberia,ib,557,ib557,2022-07-01
4,18:55:00.000,finnair,ay,5637,ay5637,2022-07-01
4,18:55:00.000,latam airlines,la,5475,la5475,2022-07-01
4,18:55:00.000,vueling,vy,5129,vy5129,2022-07-01
4,18:55:00.000,american airlines,aa,8655,aa8655,2022-07-01
4,18:55:00.000,iberia,ib,3315,ib3315,2022-07-01
4,18:55:00.000,vueling,vy,5539,vy5539,2022-07-01
4,18:55:00.000,iberia,ib,8741,ib8741,2022-07-01
4,18:55:00.000,british airways,ba,7213,ba7213,2022-07-01
4,18:55:00.000,vueling,vy,5590,vy5590,2022-07-01
4,18:55:00.000,latam airlines,la,1698,la1698,2022-07-01
4,18:55:00.000,iberia,ib,8907,ib8907,2022-07-01
4,18:55:00.000,american airlines,aa,8504,aa8504,2022-07-01
4,18:55:00.000,british airways,ba,7165,ba7165,2022-07-01
4,18:55:00.000,sa avianca,av,6014,av6014,2022-07-01
4,18:55:00.000,latam airlines,la,1717,la1717,2022-07-01
4,18:55:00.000,vueling,vy,5612,vy5612,2022-07-01
4,18:55:00.000,qatar airways,qr,6577,qr6577,2022-07-01
4,18:55:00.000,iberia,ib,8949,ib8949,2022-07-01
4,19:00:00.000,sa avianca,av,6117,av6117,2022-07-01
4,19:00:00.000,british airways,ba,7221,ba7221,2022-07-01
4,19:00:00.000,latam airlines,la,5471,la5471,2022-07-01
4,19:00:00.000,vueling,vy,5049,vy5049,2022-07-01
4,19:00:00.000,iberia,ib,535,ib535,2022-07-01
4,19:00:00.000,american airlines,aa,8543,aa8543,2022-07-01
4,19:00:00.000,latam airlines,la,1725,la1725,2022-07-01
4,19:00:00.000,sa avianca,av,6003,av6003,2022-07-01
4,19:00:00.000,vueling,vy,5577,vy5577,2022-07-01
4,19:00:00.000,american airlines,aa,8508,aa8508,2022-07-01
4,19:00:00.000,iberia,ib,8863,ib8863,2022-07-01
4,19:00:00.000,sa avianca,av,6026,av6026,2022-07-01
4,19:00:00.000,latam airlines,la,1559,la1559,2022-07-01
4,19:00:00.000,binter canarias,nt,7825,nt7825,2022-07-01
4,19:00:00.000,vueling,vy,5402,vy5402,2022-07-01
4,19:00:00.000,iberia express,i2,3825,i23825,2022-07-01
2,19:00:00.000,aeromexico,am,6911,am6911,2022-07-01
2,19:00:00.000,air europa,ux,1222,ux1222,2022-07-01
1,19:10:00.000,ryanair,fr,5383,fr5383,2022-07-01
4,19:10:00.000,vueling,vy,5065,vy5065,2022-07-01
4,19:10:00.000,american airlines,aa,8590,aa8590,2022-07-01
4,19:10:00.000,latam airlines,la,1531,la1531,2022-07-01
4,19:10:00.000,iberia,ib,3103,ib3103,2022-07-01
4,19:10:00.000,sa avianca,av,6116,av6116,2022-07-01
4,19:10:00.000,latam airlines,la,1566,la1566,2022-07-01
4,19:10:00.000,iberia express,i2,3925,i23925,2022-07-01
No se ha encontrado la terminal de llegada.,19:10:00.000,british airways,ba,3586,ba3586,2022-07-01
2,19:20:00.000,delta air lines,dl,8408,dl8408,2022-07-01
2,19:20:00.000,gol,g3,5212,g35212,2022-07-01
2,19:20:00.000,korean air,ke,6379,ke6379,2022-07-01
2,19:20:00.000,kenya airways,kq,3160,kq3160,2022-07-01
2,19:20:00.000,air europa,ux,2230,ux2230,2022-07-01
2,19:20:00.000,air france,af,1100,af1100,2022-07-01
4s,19:20:00.000,british airways,ba,7067,ba7067,2022-07-01
4s,19:20:00.000,american airlines,aa,8580,aa8580,2022-07-01
4s,19:20:00.000,jal,jl,6989,jl6989,2022-07-01
4s,19:20:00.000,boa,ob,5107,ob5107,2022-07-01
4s,19:20:00.000,latam airlines,la,1542,la1542,2022-07-01
4s,19:20:00.000,vueling,vy,5186,vy5186,2022-07-01
4s,19:20:00.000,iberia,ib,3177,ib3177,2022-07-01
2,19:20:00.000,azul,ad,7284,ad7284,2022-07-01
2,19:20:00.000,azores airlines,s4,8033,s48033,2022-07-01
2,19:20:00.000,tap air portugal,tp,1020,tp1020,2022-07-01
No se ha encontrado la terminal de llegada.,19:20:00.000,latam cargo chile,uc,1504,uc1504,2022-07-01
4,19:25:00.000,latam airlines,la,1554,la1554,2022-07-01
4,19:25:00.000,vueling,vy,5254,vy5254,2022-07-01
4,19:25:00.000,iberia,ib,3443,ib3443,2022-07-01
4,19:25:00.000,luxair,lg,3837,lg3837,2022-07-01
4,19:30:00.000,vueling,vy,5082,vy5082,2022-07-01
4,19:30:00.000,sa avianca,av,6019,av6019,2022-07-01
4,19:30:00.000,latam airlines,la,1585,la1585,2022-07-01
4,19:30:00.000,qatar airways,qr,6562,qr6562,2022-07-01
4,19:30:00.000,boa,ob,5007,ob5007,2022-07-01
4,19:30:00.000,american airlines,aa,8619,aa8619,2022-07-01
4,19:30:00.000,iberia,ib,3031,ib3031,2022-07-01
2,19:30:00.000,latam airlines,la,8795,la8795,2022-07-01
2,19:30:00.000,swiss,lx,2032,lx2032,2022-07-01
4,19:30:00.000,iberia express,i2,3963,i23963,2022-07-01
No se ha encontrado la terminal de llegada.,19:30:00.000,swiftair,wt,154,wt154,2022-07-01
4,19:35:00.000,iberia express,i2,3797,i23797,2022-07-01
1,19:40:00.000,norwegian air shuttle aoc,dy,1718,dy1718,2022-07-01
1,19:40:00.000,ryanair,fr,5445,fr5445,2022-07-01
1,19:40:00.000,wizz air,w6,3171,w63171,2022-07-01
4,19:40:00.000,vueling,vy,5515,vy5515,2022-07-01
4,19:40:00.000,iberia,ib,8701,ib8701,2022-07-01
2,19:45:00.000,wizz air,w6,2371,w62371,2022-07-01
4s,19:45:00.000,royal air maroc,at,9973,at9973,2022-07-01
4s,19:45:00.000,american airlines,aa,8569,aa8569,2022-07-01
4s,19:45:00.000,vueling,vy,5426,vy5426,2022-07-01
4s,19:45:00.000,american airlines,aa,8539,aa8539,2022-07-01
4s,19:45:00.000,iberia,ib,8795,ib8795,2022-07-01
2,19:50:00.000,sa avianca,av,6509,av6509,2022-07-01
2,19:50:00.000,austrian,os,7457,os7457,2022-07-01
2,19:50:00.000,united airlines,ua,9359,ua9359,2022-07-01
2,19:50:00.000,lufthansa,lh,1122,lh1122,2022-07-01
4s,19:55:00.000,american airlines,aa,6808,aa6808,2022-07-01
4s,19:55:00.000,iberia,ib,7466,ib7466,2022-07-01
4s,19:55:00.000,jal,jl,7703,jl7703,2022-07-01
4s,19:55:00.000,latam airlines,la,5484,la5484,2022-07-01
4s,19:55:00.000,british airways,ba,464,ba464,2022-07-01
1,19:55:00.000,ryanair,fr,4065,fr4065,2022-07-01
1,19:55:00.000,ryanair,fr,6409,fr6409,2022-07-01
1,20:00:00.000,ryanair,fr,2951,fr2951,2022-07-01
2,20:00:00.000,transavia,hv,4638,hv4638,2022-07-01
1,20:00:00.000,easyjet,u2,1417,u21417,2022-07-01
4,20:10:00.000,vueling,vy,5095,vy5095,2022-07-01
4,20:10:00.000,american airlines,aa,8520,aa8520,2022-07-01
4,20:10:00.000,qatar airways,qr,6564,qr6564,2022-07-01
4,20:10:00.000,iberia,ib,3035,ib3035,2022-07-01
4,20:10:00.000,iberia,ib,5215,ib5215,2022-07-01
4,20:10:00.000,vueling,vy,3418,vy3418,2022-07-01
1,20:20:00.000,aeromexico,am,6803,am6803,2022-07-01
1,20:20:00.000,air europa,ux,1302,ux1302,2022-07-01
1,20:25:00.000,ryanair,fr,2016,fr2016,2022-07-01
4,20:25:00.000,american airlines,aa,8569,aa8569,2022-07-01
4,20:25:00.000,vueling,vy,5045,vy5045,2022-07-01
4,20:25:00.000,air nostrum,yw,8241,yw8241,2022-07-01
4,20:25:00.000,iberia,ib,384,ib384,2022-07-01
4,20:25:00.000,jal,jl,6853,jl6853,2022-07-01
4,20:25:00.000,latam airlines,la,5324,la5324,2022-07-01
4,20:25:00.000,iberia,ib,1661,ib1661,2022-07-01
4,20:30:00.000,vueling,vy,5622,vy5622,2022-07-01
4,20:30:00.000,finnair,ay,5582,ay5582,2022-07-01
4,20:30:00.000,iberia,ib,8327,ib8327,2022-07-01
4,20:30:00.000,iberia express,i2,3955,i23955,2022-07-01
4,20:30:00.000,vueling,vy,5837,vy5837,2022-07-01
4,20:30:00.000,iberia,ib,8691,ib8691,2022-07-01
No se ha encontrado la terminal de llegada.,20:30:00.000,air algerie,ah,2206,ah2206,2022-07-01
No se ha encontrado la terminal de llegada.,20:30:00.000,swiftair,wt,8735,wt8735,2022-07-01
4s,20:35:00.000,american airlines,aa,8544,aa8544,2022-07-01
4s,20:35:00.000,vueling,vy,5154,vy5154,2022-07-01
4s,20:35:00.000,iberia,ib,3331,ib3331,2022-07-01
4,20:35:00.000,latam airlines,la,5394,la5394,2022-07-01
4,20:35:00.000,vueling,vy,5155,vy5155,2022-07-01
4,20:35:00.000,iberia,ib,3493,ib3493,2022-07-01
2,20:40:00.000,air france,af,4823,af4823,2022-07-01
2,20:40:00.000,aeromexico,am,6970,am6970,2022-07-01
2,20:40:00.000,etihad airways,ey,4338,ey4338,2022-07-01
2,20:40:00.000,air europa,ux,6078,ux6078,2022-07-01
4s,20:40:00.000,british airways,ba,7061,ba7061,2022-07-01
4s,20:40:00.000,american airlines,aa,8581,aa8581,2022-07-01
4s,20:40:00.000,latam airlines,la,1541,la1541,2022-07-01
4s,20:40:00.000,vueling,vy,5227,vy5227,2022-07-01
4s,20:40:00.000,iberia,ib,3171,ib3171,2022-07-01
1,20:45:00.000,wizz air,w6,6645,w66645,2022-07-01
4,20:45:00.000,vueling,vy,5547,vy5547,2022-07-01
4,20:45:00.000,iberia,ib,8751,ib8751,2022-07-01
4,20:55:00.000,latam airlines,la,1703,la1703,2022-07-01
4,20:55:00.000,iberia,ib,8333,ib8333,2022-07-01
2,20:55:00.000,aeromexico,am,6867,am6867,2022-07-01
2,20:55:00.000,etihad airways,ey,7598,ey7598,2022-07-01
2,20:55:00.000,air serbia,ju,7442,ju7442,2022-07-01
2,20:55:00.000,air europa,ux,1672,ux1672,2022-07-01
2,20:55:00.000,aeromexico,am,6913,am6913,2022-07-01
2,20:55:00.000,air europa,ux,1016,ux1016,2022-07-01
1,21:00:00.000,aeromexico,am,6910,am6910,2022-07-01
1,21:00:00.000,alitalia,az,7118,az7118,2022-07-01
1,21:00:00.000,etihad airways,ey,4357,ey4357,2022-07-01
1,21:00:00.000,middle east airlines,me,2048,me2048,2022-07-01
1,21:00:00.000,air europa,ux,1048,ux1048,2022-07-01
4,21:00:00.000,vueling,vy,5533,vy5533,2022-07-01
4,21:00:00.000,iberia,ib,8731,ib8731,2022-07-01
1,21:05:00.000,ryanair,fr,9471,fr9471,2022-07-01
1,21:05:00.000,aeromexico,am,6851,am6851,2022-07-01
1,21:05:00.000,etihad airways,ey,7594,ey7594,2022-07-01
1,21:05:00.000,middle east airlines,me,2042,me2042,2022-07-01
1,21:05:00.000,air europa,ux,1062,ux1062,2022-07-01
4,21:05:00.000,vueling,vy,5561,vy5561,2022-07-01
4,21:05:00.000,iberia,ib,8771,ib8771,2022-07-01
4,21:10:00.000,vueling,vy,5141,vy5141,2022-07-01
4,21:10:00.000,latam airlines,la,5441,la5441,2022-07-01
4,21:10:00.000,sa avianca,av,6081,av6081,2022-07-01
4,21:10:00.000,iberia,ib,3445,ib3445,2022-07-01
2,21:15:00.000,air france,af,4837,af4837,2022-07-01
2,21:15:00.000,aeromexico,am,6823,am6823,2022-07-01
2,21:15:00.000,delta air lines,dl,6773,dl6773,2022-07-01
2,21:15:00.000,etihad airways,ey,7580,ey7580,2022-07-01
2,21:15:00.000,klm,kl,3379,kl3379,2022-07-01
2,21:15:00.000,air europa,ux,9076,ux9076,2022-07-01
1,21:15:00.000,wizz air,w6,3401,w63401,2022-07-01
2,21:20:00.000,aegean airlines,a3,1715,a31715,2022-07-01
2,21:20:00.000,azul,ad,7312,ad7312,2022-07-01
2,21:20:00.000,sa avianca,av,2499,av2499,2022-07-01
2,21:20:00.000,azores airlines,s4,8032,s48032,2022-07-01
2,21:20:00.000,tap air portugal,tp,1014,tp1014,2022-07-01
2,21:20:00.000,aeromexico,am,6859,am6859,2022-07-01
2,21:20:00.000,etihad airways,ey,7592,ey7592,2022-07-01
2,21:20:00.000,air europa,ux,4060,ux4060,2022-07-01
2,21:20:00.000,evelop airlines,e9,1174,e91174,2022-07-01
1,21:30:00.000,ryanair,fr,9601,fr9601,2022-07-01
4s,21:30:00.000,american airlines,aa,8768,aa8768,2022-07-01
4s,21:30:00.000,vueling,vy,5833,vy5833,2022-07-01
4s,21:30:00.000,iberia,ib,3343,ib3343,2022-07-01
1,21:30:00.000,easyjet,u2,6035,u26035,2022-07-01
2,21:30:00.000,aeromexico,am,6856,am6856,2022-07-01
2,21:30:00.000,air europa,ux,1026,ux1026,2022-07-01
1,21:35:00.000,ryanair,fr,2752,fr2752,2022-07-01
4,21:35:00.000,latam airlines,la,1578,la1578,2022-07-01
4,21:35:00.000,vueling,vy,5216,vy5216,2022-07-01
4,21:35:00.000,american airlines,aa,8591,aa8591,2022-07-01
4,21:35:00.000,iberia,ib,3113,ib3113,2022-07-01
1,21:35:00.000,wizz air,w6,3561,w63561,2022-07-01
4s,21:35:00.000,american airlines,aa,8769,aa8769,2022-07-01
4s,21:35:00.000,british airways,ba,7277,ba7277,2022-07-01
4s,21:35:00.000,aer lingus,ei,5791,ei5791,2022-07-01
4s,21:35:00.000,latam airlines,la,1674,la1674,2022-07-01
4s,21:35:00.000,vueling,vy,5384,vy5384,2022-07-01
4s,21:35:00.000,iberia express,i2,3791,i23791,2022-07-01
1,21:40:00.000,ryanair,fr,5998,fr5998,2022-07-01
4,21:40:00.000,vueling,vy,5322,vy5322,2022-07-01
4,21:40:00.000,iberia,ib,8673,ib8673,2022-07-01
2,21:40:00.000,aeromexico,am,6805,am6805,2022-07-01
2,21:40:00.000,etihad airways,ey,4350,ey4350,2022-07-01
2,21:40:00.000,garuda indonesia,ga,9466,ga9466,2022-07-01
2,21:40:00.000,xiamen airlines,mf,9558,mf9558,2022-07-01
2,21:40:00.000,air europa,ux,1094,ux1094,2022-07-01
1,21:40:00.000,aeromexico,am,6897,am6897,2022-07-01
1,21:40:00.000,etihad airways,ey,4349,ey4349,2022-07-01
1,21:40:00.000,air europa,ux,9117,ux9117,2022-07-01
1,21:45:00.000,ryanair,fr,7156,fr7156,2022-07-01
1,21:45:00.000,aeromexico,am,6830,am6830,2022-07-01
1,21:45:00.000,etihad airways,ey,4334,ey4334,2022-07-01
1,21:45:00.000,air europa,ux,9165,ux9165,2022-07-01
1,21:45:00.000,wizz air,w6,3777,w63777,2022-07-01
2,21:45:00.000,aeromexico,am,6816,am6816,2022-07-01
2,21:45:00.000,etihad airways,ey,7586,ey7586,2022-07-01
2,21:45:00.000,air europa,ux,4050,ux4050,2022-07-01
4,21:50:00.000,sa avianca,av,6040,av6040,2022-07-01
4,21:50:00.000,latam airlines,la,1561,la1561,2022-07-01
4,21:50:00.000,binter canarias,nt,7829,nt7829,2022-07-01
4,21:50:00.000,vueling,vy,5406,vy5406,2022-07-01
4,21:50:00.000,iberia express,i2,3829,i23829,2022-07-01
No se ha encontrado la terminal de llegada.,21:51:00.000,bluebird nordic,bo,4537,bo4537,2022-07-01
1,21:55:00.000,ryanair,fr,2514,fr2514,2022-07-01
2,21:55:00.000,aeromexico,am,6869,am6869,2022-07-01
2,21:55:00.000,etihad airways,ey,4341,ey4341,2022-07-01
2,21:55:00.000,klm,kl,3314,kl3314,2022-07-01
2,21:55:00.000,air europa,ux,7319,ux7319,2022-07-01
4,21:55:00.000,latam airlines,la,1705,la1705,2022-07-01
4,21:55:00.000,air baltic,bt,5229,bt5229,2022-07-01
4,21:55:00.000,jal,jl,6950,jl6950,2022-07-01
4,21:55:00.000,vueling,vy,5519,vy5519,2022-07-01
4,21:55:00.000,iberia,ib,8711,ib8711,2022-07-01
2,21:55:00.000,aeromexico,am,6820,am6820,2022-07-01
2,21:55:00.000,etihad airways,ey,4356,ey4356,2022-07-01
2,21:55:00.000,air europa,ux,1506,ux1506,2022-07-01
4,22:00:00.000,vueling,vy,5143,vy5143,2022-07-01
4,22:00:00.000,latam airlines,la,1556,la1556,2022-07-01
4,22:00:00.000,iberia,ib,3471,ib3471,2022-07-01
2,22:00:00.000,aeromexico,am,6809,am6809,2022-07-01
2,22:00:00.000,etihad airways,ey,4346,ey4346,2022-07-01
2,22:00:00.000,korean air,ke,6654,ke6654,2022-07-01
2,22:00:00.000,air europa,ux,7708,ux7708,2022-07-01
4,22:05:00.000,iberia,ib,5423,ib5423,2022-07-01
4,22:05:00.000,vueling,vy,3835,vy3835,2022-07-01
4,22:05:00.000,latam airlines,la,1592,la1592,2022-07-01
4,22:05:00.000,vueling,vy,5553,vy5553,2022-07-01
4,22:05:00.000,iberia,ib,8761,ib8761,2022-07-01
4,22:10:00.000,vueling,vy,5105,vy5105,2022-07-01
4,22:10:00.000,latam airlines,la,1548,la1548,2022-07-01
4,22:10:00.000,qatar airways,qr,6878,qr6878,2022-07-01
4,22:10:00.000,iberia,ib,3237,ib3237,2022-07-01
2,22:10:00.000,sa avianca,av,6505,av6505,2022-07-01
2,22:10:00.000,lot - polish airlines,lo,4869,lo4869,2022-07-01
2,22:10:00.000,austrian,os,7453,os7453,2022-07-01
2,22:10:00.000,oman air,wy,5012,wy5012,2022-07-01
2,22:10:00.000,lufthansa,lh,1806,lh1806,2022-07-01
2,22:10:00.000,aeromexico,am,6974,am6974,2022-07-01
2,22:10:00.000,etihad airways,ey,7582,ey7582,2022-07-01
2,22:10:00.000,air europa,ux,5038,ux5038,2022-07-01
4s,22:10:00.000,british airways,ba,7059,ba7059,2022-07-01
4s,22:10:00.000,latam airlines,la,7139,la7139,2022-07-01
4s,22:10:00.000,jal,jl,6984,jl6984,2022-07-01
4s,22:10:00.000,american airlines,aa,8582,aa8582,2022-07-01
4s,22:10:00.000,vueling,vy,5181,vy5181,2022-07-01
4s,22:10:00.000,iberia,ib,3167,ib3167,2022-07-01
2,22:10:00.000,aeromexico,am,6848,am6848,2022-07-01
2,22:10:00.000,etihad airways,ey,4376,ey4376,2022-07-01
2,22:10:00.000,air europa,ux,1518,ux1518,2022-07-01
2,22:15:00.000,aeromexico,am,6854,am6854,2022-07-01
2,22:15:00.000,air europa,ux,1142,ux1142,2022-07-01
4,22:15:00.000,vueling,vy,5207,vy5207,2022-07-01
4,22:15:00.000,sa avianca,av,6181,av6181,2022-07-01
4,22:15:00.000,latam airlines,la,1639,la1639,2022-07-01
4,22:15:00.000,iberia,ib,509,ib509,2022-07-01
2,22:15:00.000,aeromexico,am,6899,am6899,2022-07-01
2,22:15:00.000,etihad airways,ey,4305,ey4305,2022-07-01
2,22:15:00.000,air europa,ux,7160,ux7160,2022-07-01
No se ha encontrado la terminal de llegada.,22:15:00.000,swiftair,wt,123,wt123,2022-07-01
4,22:20:00.000,american airlines,aa,8502,aa8502,2022-07-01
4,22:20:00.000,latam airlines,la,1687,la1687,2022-07-01
4,22:20:00.000,vueling,vy,5430,vy5430,2022-07-01
4,22:20:00.000,iberia express,i2,3855,i23855,2022-07-01
4,22:30:00.000,vueling,vy,5100,vy5100,2022-07-01
4,22:30:00.000,qatar airways,qr,6566,qr6566,2022-07-01
4,22:30:00.000,iberia,ib,3041,ib3041,2022-07-01
4,22:30:00.000,vueling,vy,5111,vy5111,2022-07-01
4,22:30:00.000,latam airlines,la,1653,la1653,2022-07-01
4,22:30:00.000,american airlines,aa,8678,aa8678,2022-07-01
4,22:30:00.000,iberia,ib,3245,ib3245,2022-07-01
2,22:30:00.000,aeromexico,am,6829,am6829,2022-07-01
2,22:30:00.000,air europa,ux,1160,ux1160,2022-07-01
4,22:35:00.000,iberia,ib,3255,ib3255,2022-07-01
1,22:35:00.000,air france,af,4796,af4796,2022-07-01
1,22:35:00.000,aeromexico,am,6995,am6995,2022-07-01
1,22:35:00.000,etihad airways,ey,4339,ey4339,2022-07-01
1,22:35:00.000,air europa,ux,6096,ux6096,2022-07-01
4,22:35:00.000,american airlines,aa,8675,aa8675,2022-07-01
4,22:35:00.000,vueling,vy,5342,vy5342,2022-07-01
4,22:35:00.000,iberia express,i2,3707,i23707,2022-07-01
4,22:35:00.000,sa avianca,av,6025,av6025,2022-07-01
4,22:35:00.000,latam airlines,la,1564,la1564,2022-07-01
4,22:35:00.000,vueling,vy,5085,vy5085,2022-07-01
4,22:35:00.000,iberia express,i2,3915,i23915,2022-07-01
1,22:40:00.000,ryanair,fr,5485,fr5485,2022-07-01
4s,22:40:00.000,british airways,ba,7051,ba7051,2022-07-01
4s,22:40:00.000,latam airlines,la,7141,la7141,2022-07-01
4s,22:40:00.000,american airlines,aa,8583,aa8583,2022-07-01
4s,22:40:00.000,vueling,vy,5229,vy5229,2022-07-01
4s,22:40:00.000,iberia,ib,3173,ib3173,2022-07-01
4,22:40:00.000,sa avianca,av,6031,av6031,2022-07-01
4,22:40:00.000,hainan airlines,hu,8454,hu8454,2022-07-01
4,22:40:00.000,latam airlines,la,5453,la5453,2022-07-01
4,22:40:00.000,binter canarias,nt,7833,nt7833,2022-07-01
4,22:40:00.000,vueling,vy,5410,vy5410,2022-07-01
4,22:40:00.000,iberia express,i2,3833,i23833,2022-07-01
4,22:40:00.000,iberia express,i2,3811,i23811,2022-07-01
4,22:45:00.000,latam airlines,la,5449,la5449,2022-07-01
4,22:45:00.000,hainan airlines,hu,8464,hu8464,2022-07-01
4,22:45:00.000,vueling,vy,5001,vy5001,2022-07-01
4,22:45:00.000,sa avianca,av,6007,av6007,2022-07-01
4,22:45:00.000,iberia,ib,425,ib425,2022-07-01
4s,22:45:00.000,vueling,vy,5330,vy5330,2022-07-01
4s,22:45:00.000,iberia,ib,3311,ib3311,2022-07-01
4,22:45:00.000,jal,jl,9410,jl9410,2022-07-01
4,22:45:00.000,iberia,ib,8827,ib8827,2022-07-01
1,22:50:00.000,ryanair,fr,7753,fr7753,2022-07-01
4,22:50:00.000,latam airlines,la,5465,la5465,2022-07-01
4,22:50:00.000,vueling,vy,5022,vy5022,2022-07-01
4,22:50:00.000,iberia,ib,481,ib481,2022-07-01
4,22:50:00.000,vueling,vy,5077,vy5077,2022-07-01
4,22:50:00.000,latam airlines,la,1637,la1637,2022-07-01
4,22:50:00.000,iberia,ib,3123,ib3123,2022-07-01
4,22:50:00.000,latam airlines,la,1627,la1627,2022-07-01
4,22:50:00.000,vueling,vy,5146,vy5146,2022-07-01
4,22:50:00.000,iberia,ib,3441,ib3441,2022-07-01
4,22:50:00.000,american airlines,aa,8651,aa8651,2022-07-01
4,22:50:00.000,vueling,vy,5620,vy5620,2022-07-01
4,22:50:00.000,latam airlines,la,1736,la1736,2022-07-01
4,22:50:00.000,iberia,ib,8975,ib8975,2022-07-01
4,22:50:00.000,american airlines,aa,8505,aa8505,2022-07-01
4,22:50:00.000,hainan airlines,hu,8552,hu8552,2022-07-01
4,22:50:00.000,sa avianca,av,6168,av6168,2022-07-01
4,22:50:00.000,latam airlines,la,1723,la1723,2022-07-01
4,22:50:00.000,vueling,vy,5614,vy5614,2022-07-01
4,22:50:00.000,qatar airways,qr,6569,qr6569,2022-07-01
4,22:50:00.000,iberia,ib,8951,ib8951,2022-07-01
No se ha encontrado la terminal de llegada.,22:50:00.000,british airways,ba,9042,ba9042,2022-07-01
4,22:50:00.000,sa avianca,av,6057,av6057,2022-07-01
4,22:50:00.000,latam airlines,la,1571,la1571,2022-07-01
4,22:50:00.000,vueling,vy,5493,vy5493,2022-07-01
4,22:50:00.000,iberia express,i2,3953,i23953,2022-07-01
4,22:50:00.000,vueling,vy,5592,vy5592,2022-07-01
4,22:50:00.000,latam airlines,la,1732,la1732,2022-07-01
4,22:50:00.000,iberia,ib,8909,ib8909,2022-07-01
4,22:50:00.000,american airlines,aa,8558,aa8558,2022-07-01
4,22:50:00.000,vueling,vy,5600,vy5600,2022-07-01
4,22:50:00.000,american airlines,aa,8575,aa8575,2022-07-01
4,22:50:00.000,iberia,ib,8923,ib8923,2022-07-01
No se ha encontrado la terminal de llegada.,22:50:00.000,iberia,ib,9042,ib9042,2022-07-01
4,22:55:00.000,hainan airlines,hu,8458,hu8458,2022-07-01
4,22:55:00.000,latam airlines,la,5472,la5472,2022-07-01
4,22:55:00.000,vueling,vy,5053,vy5053,2022-07-01
4,22:55:00.000,sa avianca,av,6060,av6060,2022-07-01
4,22:55:00.000,iberia,ib,539,ib539,2022-07-01
4s,22:55:00.000,vueling,vy,5311,vy5311,2022-07-01
4s,22:55:00.000,iberia,ib,3097,ib3097,2022-07-01
1,22:55:00.000,easyjet,u2,5155,u25155,2022-07-01
No se ha encontrado la terminal de llegada.,22:55:00.000,swiftair,wt,105,wt105,2022-07-01
1,23:00:00.000,ryanair,fr,3057,fr3057,2022-07-01
4,23:00:00.000,vueling,vy,5277,vy5277,2022-07-01
4,23:00:00.000,iberia,ib,595,ib595,2022-07-01
4,23:00:00.000,vueling,vy,5291,vy5291,2022-07-01
4,23:00:00.000,iberia,ib,3069,ib3069,2022-07-01
4,23:00:00.000,american airlines,aa,8561,aa8561,2022-07-01
4,23:00:00.000,latam airlines,la,1595,la1595,2022-07-01
4,23:00:00.000,vueling,vy,5608,vy5608,2022-07-01
4,23:00:00.000,iberia,ib,8937,ib8937,2022-07-01
4,23:00:00.000,vueling,vy,5327,vy5327,2022-07-01
4,23:00:00.000,iberia express,i2,3641,i23641,2022-07-01
4,23:00:00.000,hainan airlines,hu,8472,hu8472,2022-07-01
4,23:00:00.000,american airlines,aa,8816,aa8816,2022-07-01
4,23:00:00.000,sa avianca,av,6045,av6045,2022-07-01
4,23:00:00.000,vueling,vy,5571,vy5571,2022-07-01
4,23:00:00.000,american airlines,aa,8765,aa8765,2022-07-01
4,23:00:00.000,iberia,ib,8851,ib8851,2022-07-01
4,23:05:00.000,latam airlines,la,1715,la1715,2022-07-01
4,23:05:00.000,american airlines,aa,8614,aa8614,2022-07-01
4,23:05:00.000,sa avianca,av,6055,av6055,2022-07-01
4,23:05:00.000,vueling,vy,5585,vy5585,2022-07-01
4,23:05:00.000,american airlines,aa,8737,aa8737,2022-07-01
4,23:05:00.000,iberia,ib,8879,ib8879,2022-07-01
2,23:10:00.000,korean air,ke,6377,ke6377,2022-07-01
2,23:10:00.000,air mauritius,mk,9564,mk9564,2022-07-01
2,23:10:00.000,china eastern airlines,mu,1761,mu1761,2022-07-01
2,23:10:00.000,air europa,ux,2232,ux2232,2022-07-01
2,23:10:00.000,air france,af,1400,af1400,2022-07-01
4s,23:10:00.000,vueling,vy,5066,vy5066,2022-07-01
4s,23:10:00.000,american airlines,aa,8592,aa8592,2022-07-01
4s,23:10:00.000,latam airlines,la,1532,la1532,2022-07-01
4s,23:10:00.000,iberia,ib,3105,ib3105,2022-07-01
4,23:10:00.000,vueling,vy,5195,vy5195,2022-07-01
4,23:10:00.000,latam airlines,la,1657,la1657,2022-07-01
4,23:10:00.000,iberia,ib,3281,ib3281,2022-07-01
2,23:10:00.000,air france,af,4793,af4793,2022-07-01
2,23:10:00.000,aeromexico,am,6824,am6824,2022-07-01
2,23:10:00.000,air europa,ux,6028,ux6028,2022-07-01
1,23:15:00.000,ryanair,fr,2012,fr2012,2022-07-01
4s,23:15:00.000,british airways,ba,7065,ba7065,2022-07-01
4s,23:15:00.000,american airlines,aa,8584,aa8584,2022-07-01
4s,23:15:00.000,latam airlines,la,1543,la1543,2022-07-01
4s,23:15:00.000,vueling,vy,5187,vy5187,2022-07-01
4s,23:15:00.000,jal,jl,6986,jl6986,2022-07-01
4s,23:15:00.000,iberia,ib,3179,ib3179,2022-07-01
No se ha encontrado la terminal de llegada.,23:15:00.000,swiftair,wt,125,wt125,2022-07-01
1,23:20:00.000,transavia,hv,4780,hv4780,2022-07-01
2,23:25:00.000,lufthansa,lh,5666,lh5666,2022-07-01
2,23:25:00.000,brussels airlines,sn,3731,sn3731,2022-07-01
2,23:25:00.000,etihad airways,ey,7404,ey7404,2022-07-01
2,23:25:00.000,kenya airways,kq,1707,kq1707,2022-07-01
2,23:25:00.000,xiamen airlines,mf,9361,mf9361,2022-07-01
2,23:25:00.000,china eastern airlines,mu,1846,mu1846,2022-07-01
2,23:25:00.000,klm,kl,1707,kl1707,2022-07-01
1,23:30:00.000,ryanair,fr,2085,fr2085,2022-07-01
1,23:30:00.000,lot - polish airlines,lo,4871,lo4871,2022-07-01
1,23:30:00.000,ana,nh,6141,nh6141,2022-07-01
1,23:30:00.000,lufthansa,lh,1120,lh1120,2022-07-01
4,23:30:00.000,hainan airlines,hu,8550,hu8550,2022-07-01
4,23:30:00.000,latam airlines,la,7097,la7097,2022-07-01
4,23:30:00.000,iberia express,i2,3921,i23921,2022-07-01
No se ha encontrado la terminal de llegada.,23:30:00.000,airest,,471,,2022-07-01
1,23:35:00.000,ryanair,fr,5318,fr5318,2022-07-01
No se ha encontrado la terminal de llegada.,23:45:00.000,swiftair,wt,104,wt104,2022-07-01
1,23:50:00.000,ryanair,fr,2914,fr2914,2022-07-01
1,23:55:00.000,ryanair,fr,2062,fr2062,2022-07-01
1,23:59:00.000,ryanair,fr,2529,fr2529,2022-07-01
4,23:59:00.000,iberia express,i2,3817,i23817,2022-07-01
1,00:05:00.000,ryanair,fr,5279,fr5279,2022-07-02
1,00:10:00.000,ryanair,fr,997,fr997,2022-07-02
4,00:15:00.000,latam airlines,la,1690,la1690,2022-07-02
4,00:15:00.000,iberia express,i2,3899,i23899,2022-07-02
1,00:20:00.000,azul,ad,7290,ad7290,2022-07-02
1,00:20:00.000,azores airlines,s4,8712,s48712,2022-07-02
1,00:20:00.000,tap air portugal,tp,1022,tp1022,2022-07-02
1,00:25:00.000,ryanair,fr,606,fr606,2022-07-02
4,00:30:00.000,plus ultra,pu,888,pu888,2022-07-02
4,00:30:00.000,empty,,2000,,2022-07-02
1,00:35:00.000,ryanair,fr,5431,fr5431,2022-07-02
No se ha encontrado la terminal de llegada.,00:40:00.000,swiftair,wt,185,wt185,2022-07-02
1,01:20:00.000,volotea,v7,5026,v75026,2022-07-02
1,01:20:00.000,aegean airlines,a3,702,a3702,2022-07-02
No se ha encontrado la terminal de llegada.,05:35:00.000,dhl air,d0,8930,d08930,2022-07-01
No se ha encontrado la terminal de llegada.,05:32:00.000,fedex,fx,6207,fx6207,2022-07-01
No se ha encontrado la terminal de llegada.,05:17:00.000,dhl air,d0,8288,d08288,2022-07-01
No se ha encontrado la terminal de llegada.,11:34:00.000,vistajet,,407,,2022-07-01
No se ha encontrado la terminal de llegada.,14:18:00.000,iberia,ib,2903,ib2903,2022-07-01
No se ha encontrado la terminal de llegada.,13:47:00.000,air nostrum,yw,5756,yw5756,2022-07-01
No se ha encontrado la terminal de llegada.,15:10:00.000,iberia,ib,2901,ib2901,2022-07-01
No se ha encontrado la terminal de llegada.,15:14:00.000,asl airlines ireland,ag,443,ag443,2022-07-01
No se ha encontrado la terminal de llegada.,16:48:00.000,vistajet,,503,,2022-07-01
No se ha encontrado la terminal de llegada.,16:52:00.000,asl airlines ireland,ag,471,ag471,2022-07-01
No se ha encontrado la terminal de llegada.,18:35:00.000,evelop airlines,e9,652,e9652,2022-07-01
No se ha encontrado la terminal de llegada.,18:47:00.000,mng airlines,mb,246,mb246,2022-07-01
No se ha encontrado la terminal de llegada.,18:50:00.000,iberia,ib,35,ib35,2022-07-01
No se ha encontrado la terminal de llegada.,17:25:00.000,asl airlines ireland,ag,471,ag471,2022-07-01
No se ha encontrado la terminal de llegada.,19:44:00.000,dhl air,d0,6260,d06260,2022-07-01
No se ha encontrado la terminal de llegada.,19:50:00.000,iberia,ib,2167,ib2167,2022-07-01
No se ha encontrado la terminal de llegada.,16:51:00.000,iberia,ib,7053,ib7053,2022-07-01
No se ha encontrado la terminal de llegada.,22:35:00.000,air europa,ux,4050,ux4050,2022-07-01
4s,23:59:00.000,iberia express,i2,3717,i23717,2022-07-01
No se ha encontrado la terminal de llegada.,01:49:00.000,iberia,ib,2,ib2,2022-07-02
